Symbol,Network (Binance),Withdrawal Fee (Binance),Min Withdrawal (Binance),Reliability Score (Binance),Maker Fee (Binance),Taker Fee (Binance),24h Volume (Binance),Network (Bybit),Min Withdrawal (Bybit),Withdrawal Fee (Bybit),Reliability Score (Bybit),Maker Fee (Bybit),Taker Fee (Bybit),24h Volume (Bybit)
1INCHUSDT,BSC,1.81,3.62,89.10000000000001,0.001,0.001,28959324.4,ETH,20,20,70.072,0.001,0.001,6943454.12
AAVEUSDT,BSC,0.003,0.006,89.10000000000001,0.001,0.001,502246.642,ETH,0.025,0.025,70.072,0.001,0.001,81511.867
ACHUSDT,ETH,138.0,276.0,70.072,0.001,0.001,406489045.0,ETH,113,113,70.072,0.001,0.001,13663677.8
AEVOUSDT,ETH,17.0,34.0,70.072,0.001,0.001,70770191.89,ETH,8,8,70.072,0.001,0.001,6482808.33
AGLDUSDT,ETH,3.01,6.02,70.072,0.001,0.001,4549279.8,ETH,3,3,70.072,0.001,0.001,293928.85
ALTUSDT,BSC,6.15,12.0,89.10000000000001,0.001,0.001,149338737.0,ETH,10,10,70.072,0.001,0.001,23507516.24
ANIMEUSDT,ARBITRUM,11.0,22.0,92.60000000000001,0.001,0.001,768252192.5,ARBITRUM,30,16,92.60000000000001,0.001,0.001,200995573.6
ANKRUSDT,BSC,33.0,66.0,89.10000000000001,0.001,0.001,104484055.7,ETH,130,130,70.072,0.001,0.001,2929715.1
APEUSDT,BSC,1.2,2.4,89.10000000000001,0.001,0.001,29589973.52,ETH,3.5,3.5,70.072,0.001,0.001,1988611.2
ARBUSDT,ARBITRUM,0.59,1.18,92.60000000000001,0.001,0.001,116655443.6,ARBITRUM,0.4,0.4,92.60000000000001,0.001,0.001,31192490.38
ARKMUSDT,ETH,6.71,13.0,70.072,0.001,0.001,30670851.2,ETH,2,2,70.072,0.001,0.001,2417844.46
AVAUSDT,BSC,0.87,1.74,89.10000000000001,0.001,0.001,10682016.7,ETH,3.85,3.85,70.072,0.001,0.001,435904.38
AVAXUSDT,BSC,0.033,0.066,89.10000000000001,0.001,0.001,6227600.57,AVAX,0.004,0.004,89.44999999999999,0.001,0.001,909354.072
AXLUSDT,OPTIMISM,0.054,0.11,90.16999999999999,0.001,0.001,21166965.64,ETH,6,6,70.072,0.001,0.001,8589184.02
AXSUSDT,BSC,0.19,0.38,89.10000000000001,0.001,0.001,2956127.23,ETH,0.8,0.8,70.072,0.001,0.001,227386.89
BATUSDT,BSC,3.77,7.54,89.10000000000001,0.001,0.001,14783300.0,ETH,15,15,70.072,0.001,0.001,537372.54
BELUSDT,BSC,0.93,1.86,89.10000000000001,0.001,0.001,4188872.2,BSC,0.12,0.12,89.10000000000001,0.001,0.001,269956.36
BICOUSDT,ETH,27.0,54.0,70.072,0.001,0.001,14615129.26,ETH,8.62,8.62,70.072,0.001,0.001,824529.09
BLURUSDT,ETH,31.0,62.0,70.072,0.001,0.001,50319645.7,ETH,10,10,70.072,0.001,0.001,18288258.04
BNBUSDT,BSC,0.00015,0.001,89.10000000000001,0.001,0.001,466400.661,BSC,0.0002,0.0002,89.10000000000001,0.001,0.001,18226.86458
BNTUSDT,BSC,1.41,2.82,89.10000000000001,0.001,0.001,1333969.7,ETH,4.34,4.34,70.072,0.001,0.001,17817.11
BOMEUSDT,SOL,684.0,1368.0,91.9,0.001,0.001,9699304985.0,SOL,200,200,91.9,0.001,0.001,2486311264.8
BONKUSDT,BSC,6000.0,12000.0,89.10000000000001,0.001,0.001,2224923131599.0,SOL,50000,40000,91.9,0.001,0.001,546793083407.2
C98USDT,BSC,2.47,4.94,89.10000000000001,0.001,0.001,601998652.0,BSC,0.3,0.3,89.10000000000001,0.001,0.001,67360747.2
CAKEUSDT,BSC,0.37,0.74,89.10000000000001,0.001,0.001,10101759.56,BSC,0.023,0.023,89.10000000000001,0.001,0.001,1407316.036
CGPTUSDT,BSC,1.0,2.0,89.10000000000001,0.001,0.001,52093970.7,BSC,2,2,89.10000000000001,0.001,0.001,10377116.13
CHZUSDT,ETH,73.0,146.0,70.072,0.001,0.001,184445287.0,ETH,220,110,70.072,0.001,0.001,6710308.57
COMPUSDT,BSC,0.013,0.026,89.10000000000001,0.001,0.001,74021.542,ETH,0.14,0.068,70.072,0.001,0.001,21767.633
COOKIEUSDT,BSC,1.0,10.0,89.10000000000001,0.001,0.001,71448073.5,BSC,5,5,89.10000000000001,0.001,0.001,13085837.76
CRVUSDT,OPTIMISM,0.11,0.22,90.16999999999999,0.001,0.001,83620382.9,ETH,6,6,70.072,0.001,0.001,9371273.27
CYBERUSDT,OPTIMISM,0.018,0.036,90.16999999999999,0.001,0.001,1721176.51,OPTIMISM,0.1,0.1,90.16999999999999,0.001,0.001,185169.15
DAIUSDT,BSC,0.52,1.04,89.10000000000001,0.001,0.001,0.0,BSC,1.6,0.8,89.10000000000001,0.0,0.0,2204809.71
DOTUSDT,BSC,0.14,0.28,89.10000000000001,0.001,0.001,12857064.55,DOT,2,0.08,84.77000000000001,0.001,0.001,2233234.38
EIGENUSDT,ETH,2.88,5.22,70.072,0.001,0.001,16741809.02,ETH,1,1,70.072,0.001,0.001,2163437.53
ENAUSDT,ETH,7.11,14.0,70.072,0.001,0.001,341205887.84,ETH,8,8,70.072,0.001,0.001,48704245.5
ENJUSDT,ETH,26.0,52.0,70.072,0.001,0.001,39702885.1,ETH,64,32,70.072,0.001,0.001,1195355.64
ENSUSDT,ETH,0.19,0.38,70.072,0.001,0.001,752715.44,ETH,0.15,0.15,70.072,0.001,0.001,129288.36
ETHFIUSDT,ARBITRUM,0.081,0.16,92.60000000000001,0.001,0.001,29124485.5,ETH,3,3,70.072,0.001,0.001,3999031.33
ETHUSDT,ARBITRUM,4e-05,0.0003,92.60000000000001,0.001,0.001,1385224.5071,ARBITRUM,0.00004,0.00004,92.60000000000001,0.001,0.001,212831.87434
FETUSDT,BSC,1.19,2.38,89.10000000000001,0.001,0.001,85203350.7,ETH,2,2,70.072,0.001,0.001,2908344.21
FIDAUSDT,SOL,7.89,15.0,91.9,0.001,0.001,182179846.3,SOL,1.5,3.5,91.9,0.001,0.001,8515402.84
FLOKIUSDT,BSC,9538.0,19076.0,89.10000000000001,0.001,0.001,542022715578.0,BSC,2617,2617,89.10000000000001,0.001,0.001,18840293215.1
FTTUSDT,ETH,2.62,5.24,70.072,0.001,0.001,3977754.49,ETH,1.8,1.8,70.072,0.001,0.001,318474.158
FXSUSDT,BSC,0.4,0.8,89.10000000000001,0.001,0.001,1292285.0,ETH,1.76,1.5,70.072,0.001,0.001,67592.19
GALAUSDT,ETH,196.0,392.0,70.072,0.001,0.001,1326760956.0,ETH,100,100,70.072,0.001,0.001,272719239.87
GMTUSDT,BSC,3.3,6.6,89.10000000000001,0.001,0.001,303876215.6,BSC,0.25,0.25,89.10000000000001,0.001,0.001,18858076.78
GMXUSDT,ARBITRUM,0.014,0.028,92.60000000000001,0.001,0.001,210053.211,ARBITRUM,0.006,0.006,92.60000000000001,0.001,0.001,17007.99
GRTUSDT,ARBITRUM,2.22,4.44,92.60000000000001,0.001,0.001,90818694.0,ETH,29,29,70.072,0.001,0.001,13071929.74
GUSDT,BSC,15.0,30.0,89.10000000000001,0.001,0.001,135915861.0,BSC,,,89.10000000000001,0.001,0.001,3897992.0
HFTUSDT,ARBITRUM,1.0,2.0,92.60000000000001,0.001,0.001,28840208.2,ETH,58,29,70.072,0.001,0.001,11187411.15
HOOKUSDT,BSC,4.23,8.46,89.10000000000001,0.001,0.001,10335759.7,BSC,0.05,0.05,89.10000000000001,0.001,0.001,12192474.21
HOTUSDT,ETH,2917.0,5834.0,70.072,0.001,0.001,2949884125.0,ETH,2400,2400,70.072,0.001,0.001,40178090.9
IDUSDT,BSC,2.86,5.72,89.10000000000001,0.001,0.001,14202976.0,BSC,1,1,89.10000000000001,0.001,0.001,1819599.39
IMXUSDT,ETH,6.23,12.0,70.072,0.001,0.001,10558891.44,ETH,2,2,70.072,0.001,0.001,1032567.24
INJUSDT,BSC,0.062,0.12,89.10000000000001,0.001,0.001,3211841.21,ETH,0.4,0.2,70.072,0.001,0.001,609148.1
IOUSDT,SOL,0.82,1.64,91.9,0.001,0.001,16731362.62,SOL,0.2,0.4,91.9,0.001,0.001,3382244.01
JASMYUSDT,BSC,45.0,90.0,89.10000000000001,0.001,0.001,963709808.3,ETH,150,150,70.072,0.001,0.001,145269410.27
JSTUSDT,BSC,17.0,34.0,89.10000000000001,0.001,0.001,57526204.0,TRX,50,50,91.33,0.001,0.001,172811.42
JTOUSDT,SOL,0.39,0.78,91.9,0.001,0.001,5363417.9,SOL,0.5,0.5,91.9,0.001,0.001,1177505.43
JUPUSDT,SOL,1.75,3.5,91.9,0.001,0.001,32622043.5,SOL,0.5,0.8,91.9,0.001,0.001,9970186.45
LAYERUSDT,SOL,1.5,10.0,91.9,0.001,0.001,28164391.44,SOL,6,3,91.9,0.001,0.001,4357470.5
LDOUSDT,ETH,3.48,6.96,70.072,0.001,0.001,27795170.87,ETH,14,7.15,70.072,0.001,0.001,5379470.38
LEVERUSDT,ETH,3496.0,6992.0,70.072,0.001,0.001,1460569532.0,ETH,2000,2000,70.072,0.001,0.001,346249570.77
LINKUSDT,BSC,0.043,0.086,89.10000000000001,0.001,0.001,8273458.62,ETH,0.3,0.3,70.072,0.001,0.001,978562.388
LRCUSDT,BSC,5.38,10.0,89.10000000000001,0.001,0.001,37645716.0,ETH,24,12,70.072,0.001,0.001,3155894.83
LTCUSDT,LTC,0.0001,0.002,91.13000000000001,0.001,0.001,1324397.598,LTC,0.001,0.0001,91.13000000000001,0.001,0.001,332059.88664
MAGICUSDT,ARBITRUM,1.45,2.9,92.60000000000001,0.001,0.001,21607947.7,ARBITRUM,0.3,0.3,92.60000000000001,0.001,0.001,6101582.91
MANAUSDT,BSC,2.17,4.34,89.10000000000001,0.001,0.001,20775724.0,ETH,36,18,70.072,0.001,0.001,5667754.54
MASKUSDT,BSC,0.24,0.48,89.10000000000001,0.001,0.001,1365154.6,ETH,1,1,70.072,0.001,0.001,148338.43
MBOXUSDT,BSC,7.09,14.0,89.10000000000001,0.001,0.001,41889920.7,BSC,1,1,89.10000000000001,0.001,0.001,667931.15
MEMEUSDT,ETH,1317.0,2634.0,70.072,0.001,0.001,3582341577.0,ETH,200,200,70.072,0.001,0.001,996397554.44
MEUSDT,SOL,1.18,2.36,91.9,0.001,0.001,6077518.38,SOL,1.5,1.5,91.9,0.001,0.001,916551.17
MKRUSDT,BSC,0.00024,0.0005,89.10000000000001,0.001,0.001,16323.5717,ETH,0.0015,0.0015,70.072,0.001,0.001,5057.5193
MOVEUSDT,ETH,8.0,16.0,70.072,0.001,0.001,90794004.0,ETH,25,25,70.072,0.001,0.001,31327937.0
NEIROUSDT,ETH,11261.0,22522.0,70.072,0.001,0.001,99928632014.0,ETH,30,30,70.072,0.001,0.001,42571269.43
NEXOUSDT,ETH,3.12,6.24,70.072,0.001,0.001,3307822.27,ETH,5,5,70.072,0.001,0.001,117947.09
OMGUSDT,ETH,14.0,28.0,70.072,0.001,0.001,0.0,ETH,5,5,70.072,0.001,0.001,350405.346
OMNIUSDT,ETH,0.7,1.4,70.072,0.001,0.001,867764.53,ETH,0.7,0.7,70.072,0.001,0.001,61068.04
OPUSDT,OPTIMISM,0.024,0.048,90.16999999999999,0.001,0.001,52642220.95,OPTIMISM,0.1,0.1,90.16999999999999,0.001,0.001,5434441.04
PAXGUSDT,ETH,0.001,0.002,70.072,0.001,0.001,2803.4943,ETH,0.0055,0.0055,70.072,0.001,0.001,26.018
PENDLEUSDT,ARBITRUM,0.097,0.19,92.60000000000001,0.001,0.001,8121111.3,ETH,1.15,1.15,70.072,0.001,0.001,934919.89
PENGUUSDT,SOL,119.0,238.0,91.9,0.001,0.001,1879085784.0,SOL,200,100,91.9,0.001,0.001,318984710.0
PEOPLEUSDT,BSC,39.0,78.0,89.10000000000001,0.001,0.001,593142180.8,ETH,187,187,70.072,0.001,0.001,60446801.16
PEPEUSDT,ETH,538332.0,1076664.0,70.072,0.001,0.001,38419428856727.0,ETH,340000,340000,70.072,0.001,0.001,8312090614194.0
PERPUSDT,BSC,1.66,3.32,89.10000000000001,0.001,0.001,3481031.63,ETH,3,3,70.072,0.001,0.001,332955.28
PNUTUSDT,SOL,5.28,10.0,91.9,0.001,0.001,332432054.9,SOL,6,6,91.9,0.001,0.001,35450826.4
POLUSDT,ETH,7.0,10.0,70.072,0.001,0.001,87369975.5,ETH,5,5,70.072,0.001,0.001,12854063.28
PORTALUSDT,ETH,20.0,40.0,70.072,0.001,0.001,34688488.5,ETH,10,10,70.072,0.001,0.001,3912191.06
PYTHUSDT,SOL,6.2,12.0,91.9,0.001,0.001,50299262.5,SOL,2,2,91.9,0.001,0.001,26709457.32
QNTUSDT,ETH,0.042,0.084,70.072,0.001,0.001,62854.605,ETH,0.15,0.075,70.072,0.001,0.001,13851.066
RDNTUSDT,ARBITRUM,2.94,5.88,92.60000000000001,0.001,0.001,110206063.0,ARBITRUM,0.3,0.3,92.60000000000001,0.001,0.001,5815971.6
RENDERUSDT,SOL,0.25,0.5,91.9,0.001,0.001,8498577.84,SOL,0.1,0.2,91.9,0.001,0.001,1690522.63
RENUSDT,ETH,273.0,546.0,70.072,0.001,0.001,0.0,ETH,35,35,70.072,0.001,0.001,5567505.85
RPLUSDT,ETH,0.63,1.26,70.072,0.001,0.001,434282.41,ETH,0.08,0.08,70.072,0.001,0.001,14071.57
SANDUSDT,BSC,2.08,4.16,89.10000000000001,0.001,0.001,28802590.0,ETH,7.5,7.5,70.072,0.001,0.001,5085838.5
SHIBUSDT,BSC,46589.0,93178.0,89.10000000000001,0.001,0.001,5230478104012.0,ETH,200000,200000,70.072,0.001,0.001,356862094766.1
SLPUSDT,BSC,333.0,666.0,89.10000000000001,0.001,0.001,966735609.0,ETH,1200,1200,70.072,0.001,0.001,18086866.3
SNXUSDT,OPTIMISM,0.024,0.048,90.16999999999999,0.001,0.001,6863308.7,ETH,5,5,70.072,0.001,0.001,689990.03
SOLUSDT,BSC,0.0045,0.009,89.10000000000001,0.001,0.001,7218408.321,SOL,0.03,0.008,91.9,0.001,0.001,1530775.178
SOLVUSDT,BSC,1.0,10.0,89.10000000000001,0.001,0.001,589662554.0,BSC,40,40,89.10000000000001,0.001,0.001,226099450.7
SPELLUSDT,ETH,5469.0,10938.0,70.072,0.001,0.001,4353051710.0,ETH,3000,3000,70.072,0.001,0.001,140445490.8
SSVUSDT,ETH,0.44,0.88,70.072,0.001,0.001,821163.831,ETH,0.11,0.11,70.072,0.001,0.001,105529.55
STGUSDT,ARBITRUM,0.61,1.22,92.60000000000001,0.001,0.001,15279421.5,ETH,30,15,70.072,0.001,0.001,1590656.81
STRKUSDT,ETH,13.0,26.0,70.072,0.001,0.001,88157764.53,ETH,10,10,70.072,0.001,0.001,36880645.34
SUNUSDT,TRX,6.0,15.0,91.33,0.001,0.001,91985836.0,TRX,15,15,91.33,0.001,0.001,1538087.98
SUSHIUSDT,BSC,0.94,1.88,89.10000000000001,0.001,0.001,13348254.1,ETH,10,10,70.072,0.001,0.001,2716253.764
TNSRUSDT,SOL,2.88,5.76,91.9,0.001,0.001,78798936.1,SOL,1,1.8,91.9,0.001,0.001,5829401.49
TRUMPUSDT,SOL,0.075,0.15,91.9,0.001,0.001,15637281.344,SOL,0.1,0.05,91.9,0.001,0.001,1504412.81
TRXUSDT,BSC,2.28,4.56,89.10000000000001,0.001,0.001,822823435.6,TRX,1,1,91.33,0.001,0.001,43248712.3
TSTUSDT,BSC,1.0,10.0,89.10000000000001,0.001,0.001,469337538.7,ETH,30,30,70.072,0.002,0.002,14288908.63
TUSDT,ETH,195.0,390.0,70.072,0.001,0.001,257980287.0,ETH,97,97,70.072,0.001,0.001,1594906.6
TUSDUSDT,BSC,0.52,1.04,89.10000000000001,0.0,0.0,956292.0,ETH,1,1,70.072,0.0,0.0,167876.83
TWTUSDT,BSC,0.61,1.22,89.10000000000001,0.001,0.001,3021848.0,BSC,0.07,0.07,89.10000000000001,0.001,0.001,961304.57
UMAUSDT,ETH,2.5,5.0,70.072,0.001,0.001,6762520.5,ETH,2,2,70.072,0.001,0.001,540155.042
UNIUSDT,BSC,0.092,0.18,89.10000000000001,0.001,0.001,5370947.75,ETH,0.45,0.45,70.072,0.001,0.001,677194.75
USDCUSDT,OPTIMISM,0.018,0.036,90.16999999999999,0.0,0.0,1701139076.0,BSC,0.2,0.2,89.10000000000001,0.0,0.0,212123760.01
VANRYUSDT,ETH,128.0,256.0,70.072,0.001,0.001,399167513.0,ETH,100,100,70.072,0.001,0.001,11422336.53
WBTCUSDT,ETH,3.7e-05,7.4e-05,70.072,0.001,0.001,294.93743,ETH,0.0001,0.0001,70.072,0.001,0.001,9.92599
WIFUSDT,SOL,2.0,4.0,91.9,0.001,0.001,178155770.15,SOL,0.6,0.6,91.9,0.001,0.001,29394236.85
WLDUSDT,OPTIMISM,0.025,0.05,90.16999999999999,0.001,0.001,61092715.9,OPTIMISM,0.2,0.2,90.16999999999999,0.001,0.001,12833392.31
WOOUSDT,ARBITRUM,2.46,4.92,92.60000000000001,0.001,0.001,20672484.7,ETH,40,20,70.072,0.001,0.001,3038893.64
WUSDT,SOL,10.0,20.0,91.9,0.001,0.001,148418671.4,SOL,3.3,3.3,91.9,0.001,0.001,30278874.56
XAIUSDT,ARBITRUM,0.73,1.46,92.60000000000001,0.001,0.001,92051567.2,ARBITRUM,1,1,92.60000000000001,0.001,0.001,10569498.74
XLMUSDT,BSC,2.23,4.46,89.10000000000001,0.001,0.001,120740105.0,XLM,8,0.02,90.47600000000001,0.001,0.001,28553435.5
XRPUSDT,BSC,0.27,0.54,89.10000000000001,0.001,0.001,414987693.0,XRP,1.2,0.2,92.73600000000002,0.001,0.001,121508300.9
YFIUSDT,BSC,0.00011,0.00022,89.10000000000001,0.001,0.001,753.72828,ETH,0.00033,0.00033,70.072,0.001,0.001,518.207
ZROUSDT,ARBITRUM,0.0,0.0,92.60000000000001,0.001,0.001,7044585.83,BSC,,,89.10000000000001,0.001,0.001,1861725.62
ZRXUSDT,ETH,13.0,26.0,70.072,0.001,0.001,7072669.0,ETH,10,10,70.072,0.001,0.001,1733521.06
