Symbol,Exchange 1,Exchange 2,Price 1,Price 2,Average Price,Spread (%),Exchange 1 Maker Fee,Exchange 1 Taker Fee,Exchange 2 Maker Fee,Exchange 2 Taker Fee,Exchange 1 Liquidity (24h Vol),Exchange 2 Liquidity (24h Vol),Potential Profit ($)
USDT/TRY,binance,bybit,36.55,36.63,36.59,0.21863897239684446,0.001,0.001,0.001,0.001,3209828592.19,1352355.24,0.0019
C98/USDT:USDT,binance,bybit,0.0733,0.07339,0.073345,0.12270775103959762,0.001,0.001,0.001,0.001,9420316.1968,3991529.7178,-0.0077
AVA/USDT:USDT,binance,bybit,0.6651,0.6652,0.66515,0.015034202811394268,0.001,0.001,0.001,0.001,27193208.29768,6210442.6192,-0.0185
ORDI/USDT,binance,bybit,9.36,9.34,9.35,0.21390374331550346,0.001,0.001,0.001,0.001,30248478.5943,8465997.7056,0.0014
SLP/USDT,binance,bybit,0.001922,0.001908,0.001915,0.7310704960835573,0.001,0.001,0.001,0.001,1244047.782129,17407.3834946,0.0533
LRC/USDT:USDT,binance,bybit,0.11174,0.1116,0.11167,0.1253693919584501,0.001,0.001,0.001,0.001,7203486.2822,1093208.8449,-0.0075
ARKM/USDT:USDT,binance,bybit,0.5903,0.5907,0.5905,0.06773920406434478,0.001,0.001,0.001,0.001,37569146.0315,11581423.5523,-0.0132
RAD/USDT:USDT,binance,bybit,1.6874,0.7502,1.2187999999999999,76.89530685920577,0.001,0.001,0.001,0.001,6187462.7668,1162629.7054,12.4602
RED/USDT:USDT,binance,bybit,0.6548,0.6531,0.65395,0.2599587124397943,0.001,0.001,0.001,0.001,498152124.3338,61616276.9844,0.006
RUNE/USDT,binance,bybit,1.233,1.229,1.231,0.3249390739236396,0.001,0.001,0.001,0.001,59975121.1585,2457869.81956,0.0125
ALGO/USDT,binance,bybit,0.2363,0.2362,0.23625000000000002,0.04232804232804941,0.001,0.001,0.001,0.001,19883134.8821,3657118.1372531,-0.0158
GRT/USDT:USDT,binance,bybit,0.10405,0.10398,0.104015,0.06729798586742357,0.001,0.001,0.001,0.001,26103219.43245,5081225.8121,-0.0133
USTC/USDT:USDT,binance,bybit,0.012561,0.01257,0.0125655,0.07162468664199854,0.001,0.001,0.001,0.001,5463105.595485,1342230.8988,-0.0128
TON/USDT,binance,bybit,3.002,3.004,3.003,0.06660006660007405,0.001,0.001,0.001,0.001,18321790.15412,15838880.36493,-0.0133
MEME/USDT,binance,bybit,0.002991,0.00299,0.0029905,0.03343922421000277,0.001,0.001,0.001,0.001,6217644.467998,1695348.97969619,-0.0167
SUSHI/USDT:USDT,binance,bybit,0.7126,0.7128,0.7127,0.02806229830222786,0.001,0.001,0.001,0.001,20430778.6792,2995847.7213,-0.0172
KDA/USDT:USDT,binance,bybit,0.4885,0.4883,0.4884,0.040950040950036445,0.001,0.001,0.001,0.001,6703012.119,996716.5529,-0.0159
DYM/USDT:USDT,binance,bybit,0.3579,0.3578,0.35785,0.02794466955427944,0.001,0.001,0.001,0.001,7704875.07593,2331174.1016,-0.0172
SLERF/USDT:USDT,binance,bybit,0.0653,0.06547,0.065385,0.2599984705972371,0.001,0.001,0.001,0.001,5770711.9891,2434991.226,0.006
TIA/USDT:USDT,binance,bybit,3.1802,3.184,3.1821,0.11941799440621052,0.001,0.001,0.001,0.001,117433225.1564,44239950.0234,-0.0081
ONT/USDT:USDT,binance,bybit,0.1581,0.1581,0.1581,0.0,0.001,0.001,0.001,0.001,6584939.7761,1043049.9258,-0.02
STPT/USDT:USDT,binance,bybit,0.05306,0.07457,0.063815,33.70680874402569,0.001,0.001,0.001,0.001,3140300.77239,9648328.2383,4.0298
SUPER/USDT:USDT,binance,bybit,0.5474,0.5473,0.54735,0.0182698456198025,0.001,0.001,0.001,0.001,17716110.8315,3234245.8596,-0.0182
ME/USDT,binance,bybit,1.168,1.165,1.1665,0.2571795970852886,0.001,0.001,0.001,0.001,2936552.03765,322080.40712,0.0057
BERA/USDT,binance,bybit,6.634,6.631,6.6325,0.04523181304184114,0.001,0.001,0.001,0.001,33369125.706036,1526115.695454,-0.0155
HBAR/USDT,binance,bybit,0.23469,0.23484,0.234765,0.06389368091495047,0.001,0.001,0.001,0.001,125110570.97671,47110853.1481413,-0.0136
AGLD/USDT:USDT,binance,bybit,1.2375,1.2361,1.2368000000000001,0.11319534282018659,0.001,0.001,0.001,0.001,14809801.1483,5228768.7799,-0.0087
SWARMS/USDT:USDT,binance,bybit,0.0582,0.0584,0.058300000000000005,0.3430531732418504,0.001,0.001,0.001,0.001,109955198.1954,37432501.8015,0.0143
RARE/USDT:USDT,binance,bybit,0.04953,0.04955,0.04954,0.04037141703673634,0.001,0.001,0.001,0.001,4284021.00124,1389982.2537,-0.016
TOKEN/USDT:USDT,binance,bybit,0.01712,0.01712,0.01712,0.0,0.001,0.001,0.001,0.001,6090424.34099,2413756.6253,-0.02
AVAAI/USDT:USDT,binance,bybit,0.04349,0.04355,0.04352,0.1378676470588179,0.001,0.001,0.001,0.001,32748339.94752,9230647.3647,-0.0062
QNT/USDT,binance,bybit,79.2,79.3,79.25,0.12618296529967737,0.001,0.001,0.001,0.001,5896992.0989,859759.8509,-0.0074
ZEC/USDT:USDT,binance,bybit,33.35,33.39,33.370000000000005,0.11986814504045293,0.001,0.001,0.001,0.001,6523938.58,1654476.4632,-0.008
DOGE/USDT,binance,bybit,0.20021,0.20017,0.20018999999999998,0.019981018032874893,0.001,0.001,0.001,0.001,248598713.67714,42924925.573246,-0.018
METIS/USDT:USDT,binance,bybit,19.59,19.58,19.585,0.05105948429921656,0.001,0.001,0.001,0.001,4950098.6266,1052608.1072,-0.0149
FIO/USDT:USDT,binance,bybit,0.01978,0.01979,0.019784999999999997,0.05054334091483242,0.001,0.001,0.001,0.001,6152209.95727,404667.1061,-0.0149
GLMR/USDT:USDT,binance,bybit,0.2592,0.1006,0.1799,88.16008893829905,0.001,0.001,0.001,0.001,6498856.25466,708856.5011,15.7296
RUNE/USDT:USDT,binance,bybit,1.237,1.236,1.2365,0.08087343307724319,0.001,0.001,0.001,0.001,65833307.443,31512503.8447,-0.0119
BAN/USDT:USDT,binance,bybit,0.0569,0.05683,0.056865,0.12309856678097357,0.001,0.001,0.001,0.001,15563712.7809,8410211.5823,-0.0077
AVA/USDT,binance,bybit,0.6659,0.6638,0.6648499999999999,0.31586072046327773,0.001,0.001,0.001,0.001,5404399.59006,239294.192875,0.0116
DYDX/USDT,binance,bybit,0.663,0.662,0.6625000000000001,0.15094339622641523,0.001,0.001,0.001,0.001,13600767.735945,4077912.6967328,-0.0049
XVG/USDT:USDT,binance,bybit,0.0053633,0.005365,0.00536415,0.03169188035383635,0.001,0.001,0.001,0.001,5727272.2535268,7644885.1007,-0.0168
WLD/USDT:USDT,binance,bybit,0.949,0.948,0.9484999999999999,0.1054296257248288,0.001,0.001,0.001,0.001,197600313.3281,66669079.1551,-0.0095
PHA/USDT:USDT,binance,bybit,0.12868,0.12841,0.128545,0.21004317554163326,0.001,0.001,0.001,0.001,4216327.98086,1073630.8537,0.001
APE/USDT:USDT,binance,bybit,0.5632,0.563,0.5630999999999999,0.03551767004086113,0.001,0.001,0.001,0.001,49722670.3051,24224439.3057,-0.0165
STORJ/USDT:USDT,binance,bybit,0.3053,0.305,0.30515000000000003,0.09831230542356954,0.001,0.001,0.001,0.001,7121709.2373,1786951.2542,-0.0102
MANTA/USDT,binance,bybit,0.292,0.291,0.2915,0.3430531732418528,0.001,0.001,0.001,0.001,10276279.9811,547823.716902,0.0143
VANA/USDT:USDT,binance,bybit,5.961,5.957,5.959,0.06712535660346447,0.001,0.001,0.001,0.001,40389408.703366,17305573.5595,-0.0133
NEXO/USDT,binance,bybit,1.138,1.1341,1.13605,0.34329474935080256,0.001,0.001,0.001,0.001,1465236.06419,115438.365479,0.0144
POLYX/USDT:USDT,binance,bybit,0.14705,0.1466,0.14682499999999998,0.3064873148305658,0.001,0.001,0.001,0.001,4682601.58732,993269.9814,0.0107
MANA/USDT:USDT,binance,bybit,0.291,0.2907,0.29085,0.10314595152139143,0.001,0.001,0.001,0.001,30444777.7147,7804365.6243,-0.0097
TROY/USDT:USDT,binance,bybit,0.001358,0.001359,0.0013585,0.07361059992638322,0.001,0.001,0.001,0.001,22345471.970335,3903035.8538,-0.0126
ONE/USDT,binance,bybit,0.01317,0.01313,0.013149999999999998,0.30418250950570425,0.001,0.001,0.001,0.001,3947095.216631,353183.7115711,0.0104
BEL/USDT:USDT,binance,bybit,0.8159,0.8153,0.8156,0.07356547327120327,0.001,0.001,0.001,0.001,13548146.9481,2193358.017,-0.0126
CELR/USDT:USDT,binance,bybit,0.01143,0.01143,0.01143,0.0,0.001,0.001,0.001,0.001,6603808.294,887584.0554,-0.02
ICX/USDT:USDT,binance,bybit,0.1103,0.1101,0.11019999999999999,0.18148820326678028,0.001,0.001,0.001,0.001,5371359.7419,539526.3064,-0.0019
LEVER/USDT,binance,bybit,0.001061,0.001053,0.001057,0.7568590350047487,0.001,0.001,0.001,0.001,1447181.665121,110589.94177038,0.0559
DUSK/USDT:USDT,binance,bybit,0.11115,0.11121,0.11118,0.05396654074474231,0.001,0.001,0.001,0.001,4007235.58539,354905.3032,-0.0146
MOODENG/USDT:USDT,binance,bybit,0.04106,0.04104,0.04105,0.04872107186357901,0.001,0.001,0.001,0.001,18544272.82996,6784867.254,-0.0151
AGLD/USDT,binance,bybit,1.244,1.241,1.2425000000000002,0.24144869215290873,0.001,0.001,0.001,0.001,3057397.7025,101294.93765,0.0041
LUNA/USDT,binance,bybit,0.2078,0.2075,0.20765,0.14447387430774017,0.001,0.001,0.001,0.001,4367307.877794,989361.051993713,-0.0056
HIFI/USDT:USDT,binance,bybit,0.3633,0.3638,0.36355000000000004,0.13753266400770195,0.001,0.001,0.001,0.001,3800260.5197,1349937.2465,-0.0063
MEW/USDT:USDT,binance,bybit,0.002131,0.00213,0.0021305,0.046937338652904614,0.001,0.001,0.001,0.001,13554814.431551,4456494.2376,-0.0153
ALT/USDT,binance,bybit,0.03931,0.0393,0.039305,0.025442055718092157,0.001,0.001,0.001,0.001,7351486.44903,959036.2231876,-0.0175
BNT/USDT,binance,bybit,0.442,0.4374,0.4397,1.0461678417102553,0.001,0.001,0.001,0.001,720390.93474,6769.047545,0.0851
BNB/USDT,binance,bybit,595.52,595.6,595.56,0.013432735576607046,0.001,0.001,0.001,0.001,172898986.63876,6801854.2562078,-0.0187
USDC/USDT:USDT,binance,bybit,0.999463,1.0002,0.9998315,0.07371242054286024,0.001,0.001,0.001,0.001,8222355.638483,1124105.1544,-0.0126
CRV/USDT,binance,bybit,0.4316,0.4317,0.43165,0.023166917641605233,0.001,0.001,0.001,0.001,26694795.26094,3134755.786268,-0.0177
APE/USDT,binance,bybit,0.5657,0.565,0.56535,0.12381710444857767,0.001,0.001,0.001,0.001,13687536.366649,1239535.68829,-0.0076
BNT/USDT:USDT,binance,bybit,0.44143,0.44085,0.44114,0.1314775354762591,0.001,0.001,0.001,0.001,3984634.22783,1130691.1854,-0.0069
NEIROETH/USDT:USDT,binance,bybit,0.03914,0.0391,0.03912,0.10224948875255206,0.001,0.001,0.001,0.001,77403593.89446,54582913.1352,-0.0098
VANRY/USDT:USDT,binance,bybit,0.03283,0.03275,0.03279,0.24397682220188088,0.001,0.001,0.001,0.001,8892028.60751,955586.6605,0.0044
ICP/USDT,binance,bybit,6.142,6.144,6.143000000000001,0.03255738238645254,0.001,0.001,0.001,0.001,12385607.99056,1853167.73209,-0.0167
1INCH/USDT:USDT,binance,bybit,0.2278,0.2277,0.22775,0.04390779363336509,0.001,0.001,0.001,0.001,13537091.8244,2859266.7418,-0.0156
FLOW/USDT,binance,bybit,0.441,0.441,0.441,0.0,0.001,0.001,0.001,0.001,3523132.48613,337511.100461,-0.02
RPL/USDT,binance,bybit,5.86,5.866,5.8629999999999995,0.10233668770253011,0.001,0.001,0.001,0.001,1632112.2641,40375.97964,-0.0098
ZEN/USDT:USDT,binance,bybit,10.633,10.632,10.6325,0.009405125793552276,0.001,0.001,0.001,0.001,35911710.255,2905359.1534,-0.0191
MAGIC/USDT:USDT,binance,bybit,0.1671,0.167,0.16705,0.0598623166716486,0.001,0.001,0.001,0.001,8613557.73228,1688814.7075,-0.014
QUICK/USDT:USDT,binance,bybit,0.02401,0.02398,0.023995000000000002,0.1250260470931393,0.001,0.001,0.001,0.001,2387843.96624,148133.6122,-0.0075
CHZ/USDT,binance,bybit,0.04943,0.0494,0.049415,0.06071031063442729,0.001,0.001,0.001,0.001,15142065.67828,978914.4678692,-0.0139
MAGIC/USDT,binance,bybit,0.167,0.1674,0.16720000000000002,0.23923444976075578,0.001,0.001,0.001,0.001,3564320.19831,536974.499055,0.0039
EGLD/USDT,binance,bybit,20.34,20.32,20.33,0.09837678307919122,0.001,0.001,0.001,0.001,5944380.3484,1725929.29965,-0.0102
FTT/USDT,binance,bybit,1.4321,1.4285,1.4303,0.251695448507294,0.001,0.001,0.001,0.001,2723000.397793,136561.83832,0.0052
TRX/USDT,binance,bybit,0.2444,0.2444,0.2444,0.0,0.001,0.001,0.001,0.001,132676426.73137,11107631.9975682,-0.02
VET/USDT:USDT,binance,bybit,0.028111,0.02812,0.0281155,0.03201081254111999,0.001,0.001,0.001,0.001,56184404.997783,10946138.7869,-0.0168
ROSE/USDT:USDT,binance,bybit,0.03602,0.036,0.03601,0.05554012774231081,0.001,0.001,0.001,0.001,10864463.30176,1849615.0981,-0.0144
VIC/USDT,binance,bybit,0.2472,0.2465,0.24685,0.28357302005266605,0.001,0.001,0.001,0.001,369795.511508,26264.596303,0.0084
PENGU/USDT:USDT,binance,bybit,0.006623,0.00662,0.006621500000000001,0.0453069546175398,0.001,0.001,0.001,0.001,101653962.146472,21758828.8815,-0.0155
1000LUNC/USDT:USDT,binance,bybit,0.06517,0.06524,0.06520500000000001,0.10735373054213727,0.001,0.001,0.001,0.001,10485972.01626,1532641.133,-0.0093
G/USDT,binance,bybit,0.01675,0.0167,0.016725,0.2989536621823703,0.001,0.001,0.001,0.001,1344509.83623,43125.74143,0.0099
SPX/USDT:USDT,binance,bybit,0.5058,0.5055,0.5056499999999999,0.05932957579354851,0.001,0.001,0.001,0.001,33283963.5831,13108389.1312,-0.0141
ORDI/USDT:USDT,binance,bybit,9.347,9.349,9.347999999999999,0.021394950791620328,0.001,0.001,0.001,0.001,217921752.4309,80367178.4665,-0.0179
BB/USDT,binance,bybit,0.1377,0.1376,0.13765,0.07264802034143769,0.001,0.001,0.001,0.001,2463845.05885,130867.590297,-0.0127
PENDLE/USDT,binance,bybit,2.439,2.442,2.4405,0.12292562999385837,0.001,0.001,0.001,0.001,14278433.294,1033267.00784,-0.0077
AR/USDT,binance,bybit,7.23,7.21,7.220000000000001,0.2770083102493138,0.001,0.001,0.001,0.001,6119438.7071,760208.5449,0.0077
LTC/USDT,binance,bybit,104.6,104.58,104.59,0.01912228702552445,0.001,0.001,0.001,0.001,119453171.93348,27798654.2473113,-0.0181
AXS/USDT:USDT,binance,bybit,3.55,3.549,3.5495,0.028172982110153257,0.001,0.001,0.001,0.001,23091937.352,9217672.2242,-0.0172
1INCH/USDT,binance,bybit,0.228,0.2281,0.22805,0.04385003288751984,0.001,0.001,0.001,0.001,3247072.92746,673964.346463,-0.0156
TRB/USDT:USDT,binance,bybit,31.226,31.25,31.238,0.07682950252897404,0.001,0.001,0.001,0.001,30646372.732,11551929.0464,-0.0123
GLMR/USDT,binance,bybit,0.101,0.1006,0.1008,0.3968253968254082,0.001,0.001,0.001,0.001,1728535.47039,81235.404426,0.0197
AEVO/USDT:USDT,binance,bybit,0.1324,0.1324,0.1324,0.0,0.001,0.001,0.001,0.001,11727626.28831,2522099.8545,-0.02
UNI/USDT:USDT,binance,bybit,7.121,7.119,7.12,0.02808988764045882,0.001,0.001,0.001,0.001,92160477.424,45453153.3479,-0.0172
ASTR/USDT:USDT,binance,bybit,0.033431,0.03344,0.0334355,0.02691749786901683,0.001,0.001,0.001,0.001,6131325.919449,1257623.4464,-0.0173
ACH/USDT,binance,bybit,0.02596,0.026,0.02598,0.15396458814472044,0.001,0.001,0.001,0.001,8820545.63181,267248.2443505,-0.0046
LTC/USDT:USDT,binance,bybit,104.48,104.48,104.48,0.0,0.001,0.001,0.001,0.001,538931522.88,215499086.018,-0.02
LINK/USDT:USDT,binance,bybit,16.03,16.018,16.024,0.07488766849725695,0.001,0.001,0.001,0.001,728982577.336,273150540.7047,-0.0125
SYN/USDT:USDT,binance,bybit,0.2309,0.2304,0.23065,0.2167786689789727,0.001,0.001,0.001,0.001,5304644.7071,876054.9832,0.0017
KAITO/USDT:USDT,binance,bybit,1.5762,1.5775,1.5768499999999999,0.08244284491231613,0.001,0.001,0.001,0.001,453777294.068916,103368204.5725,-0.0118
XLM/USDT,binance,bybit,0.2861,0.2861,0.2861,0.0,0.001,0.001,0.001,0.001,40071637.5327,7368543.615356,-0.02
XEM/USDT:USDT,binance,bybit,0.0338,0.01986,0.02683,51.95676481550502,0.001,0.001,0.001,0.001,9727490.2775,5921261.9578,6.9921
ARPA/USDT:USDT,binance,bybit,0.03001,0.03002,0.030015,0.03331667499584561,0.001,0.001,0.001,0.001,4368145.31036,515230.0594,-0.0167
CATI/USDT:USDT,binance,bybit,0.1554,0.1555,0.15545,0.0643293663557343,0.001,0.001,0.001,0.001,13703957.446,3371996.4745,-0.0136
WAVES/USDT:USDT,binance,bybit,1.3355,1.4595,1.3975,8.872987477638649,0.001,0.001,0.001,0.001,72794064.7423,19991978.8284,0.9076
RDNT/USDT:USDT,binance,bybit,0.02783,0.02783,0.02783,0.0,0.001,0.001,0.001,0.001,8203302.96949,1664550.5219,-0.02
ORCA/USDT:USDT,binance,bybit,1.765,1.766,1.7654999999999998,0.05664117813651158,0.001,0.001,0.001,0.001,6007155.8522,883716.6899,-0.0143
ARK/USDT:USDT,binance,bybit,0.3677,0.3678,0.36775,0.027192386131880075,0.001,0.001,0.001,0.001,8725173.8486,3825644.7034,-0.0173
AERGO/USDT:USDT,binance,bybit,0.0711,0.07104,0.07107,0.08442380751370566,0.001,0.001,0.001,0.001,5879779.2322,1126554.616,-0.0116
THE/USDT:USDT,binance,bybit,0.409,0.4088,0.4089,0.04891171435558278,0.001,0.001,0.001,0.001,22458333.087035,2151906.6069,-0.0151
SOL/USDT:USDT,binance,bybit,141.83,141.74,141.78500000000003,0.06347639030927348,0.001,0.001,0.001,0.001,5034504000.408,2324377880.026,-0.0137
SNX/USDT,binance,bybit,0.923,0.925,0.924,0.21645021645021661,0.001,0.001,0.001,0.001,4224911.0843,349067.80213,0.0016
ETHFI/USDT,binance,bybit,0.819,0.819,0.819,0.0,0.001,0.001,0.001,0.001,17552894.5666,2480774.66662,-0.02
MOVR/USDT:USDT,binance,bybit,6.623,6.623,6.623,0.0,0.001,0.001,0.001,0.001,6760223.08937,1033530.6884,-0.02
TNSR/USDT:USDT,binance,bybit,0.4277,0.4276,0.42765,0.023383608090738806,0.001,0.001,0.001,0.001,11415086.17769,2122310.7467,-0.0177
LAYER/USDT,binance,bybit,0.7813,0.7814,0.78135,0.01279836180968695,0.001,0.001,0.001,0.001,19205379.471492,2682550.2736,-0.0187
RVN/USDT,binance,bybit,0.01274,0.01277,0.012754999999999999,0.23520188161505695,0.001,0.001,0.001,0.001,1562245.474617,128153.402515,0.0035
ANKR/USDT,binance,bybit,0.01898,0.01899,0.018985000000000002,0.0526731630234374,0.001,0.001,0.001,0.001,1547503.773103,36153.518691,-0.0147
PORTAL/USDT:USDT,binance,bybit,0.1132,0.1132,0.1132,0.0,0.001,0.001,0.001,0.001,7848709.22345,844732.5129,-0.02
PIXEL/USDT:USDT,binance,bybit,0.04676,0.04679,0.046775,0.06413682522714123,0.001,0.001,0.001,0.001,8147687.19442,1283946.0535,-0.0136
ICP/USDT:USDT,binance,bybit,6.123,6.124,6.1235,0.016330529925687037,0.001,0.001,0.001,0.001,30349346.139,9177948.7983,-0.0184
KNC/USDT:USDT,binance,bybit,0.3665,0.3671,0.3668,0.16357688113413016,0.001,0.001,0.001,0.001,4462248.2768,958122.3666,-0.0036
BERA/USDT:USDT,binance,bybit,6.617,6.618,6.6175,0.015111446921047737,0.001,0.001,0.001,0.001,132816829.7741,45216411.632,-0.0185
HFT/USDT:USDT,binance,bybit,0.08222,0.08218,0.0822,0.04866180048661602,0.001,0.001,0.001,0.001,5188629.74148,1368085.3825,-0.0151
ICX/USDT,binance,bybit,0.1106,0.11066,0.11063,0.05423483684352401,0.001,0.001,0.001,0.001,607243.63605,140339.1370702,-0.0146
GRASS/USDT:USDT,binance,bybit,2.1992,2.1978,2.1985,0.06367978166931297,0.001,0.001,0.001,0.001,22717561.02689,18323196.4278,-0.0136
MOVR/USDT,binance,bybit,6.622,6.628,6.625,0.09056603773585249,0.001,0.001,0.001,0.001,2575989.044493,137751.46373,-0.0109
DEXE/USDT:USDT,binance,bybit,18.466,18.479,18.4725,0.07037488158071796,0.001,0.001,0.001,0.001,11767522.70414,2221097.9147,-0.013
GMX/USDT:USDT,binance,bybit,15.529,15.525,15.527000000000001,0.025761576608485603,0.001,0.001,0.001,0.001,5630777.80626,1471761.847,-0.0174
MASK/USDT:USDT,binance,bybit,2.19,2.19,2.19,0.0,0.001,0.001,0.001,0.001,26798914.4831,3482198.3664,-0.02
AIXBT/USDT,binance,bybit,0.1354,0.1356,0.1355,0.14760147601476437,0.001,0.001,0.001,0.001,23191958.88273,2944604.882759,-0.0052
PERP/USDT,binance,bybit,0.4038,0.4035,0.40365,0.07432181345224005,0.001,0.001,0.001,0.001,822537.81972,118312.625236,-0.0126
WLD/USDT,binance,bybit,0.946,0.948,0.947,0.2111932418162621,0.001,0.001,0.001,0.001,37173670.6846,6134079.713946,0.0011
COOKIE/USDT,binance,bybit,0.1831,0.183,0.18305,0.05462988254576167,0.001,0.001,0.001,0.001,7897421.50074,1542758.7320963,-0.0145
USDT/BRL,binance,bybit,5.817,5.828,5.8225,0.1889222842421661,0.001,0.001,0.001,0.001,225757955.0629,7904272.8253,-0.0011
ACT/USDT:USDT,binance,bybit,0.19245,0.1925,0.192475,0.02597739966229094,0.001,0.001,0.001,0.001,63095418.77563,3767111.0796,-0.0174
BLUR/USDT:USDT,binance,bybit,0.1182,0.118,0.1181,0.16934801016088546,0.001,0.001,0.001,0.001,11114734.44398,3323894.9523,-0.0031
IMX/USDT,binance,bybit,0.608,0.609,0.6085,0.1643385373870174,0.001,0.001,0.001,0.001,4031479.37304,422188.359154,-0.0036
SAND/USDT,binance,bybit,0.3101,0.31,0.31005,0.03225286244153814,0.001,0.001,0.001,0.001,13439142.807,1966552.1351683,-0.0168
PENDLE/USDT:USDT,binance,bybit,2.437,2.4361,2.43655,0.03693747306641271,0.001,0.001,0.001,0.001,32454789.2949,10797054.5615,-0.0163
BICO/USDT:USDT,binance,bybit,0.1329,0.133,0.13295,0.0752162467093018,0.001,0.001,0.001,0.001,3724122.5209,558162.2883,-0.0125
FXS/USDT:USDT,binance,bybit,1.5479,1.547,1.54745,0.058160199037133535,0.001,0.001,0.001,0.001,4159975.06008,1096569.1118,-0.0142
ATA/USDT:USDT,binance,bybit,0.0568,0.05672,0.056760000000000005,0.14094432699084508,0.001,0.001,0.001,0.001,5903469.3726,916979.6943,-0.0059
PNUT/USDT:USDT,binance,bybit,0.18674,0.1867,0.18672,0.02142245072835502,0.001,0.001,0.001,0.001,403398880.2846676,75058689.9821,-0.0179
DOGS/USDT:USDT,binance,bybit,0.0001453,0.0001453,0.0001453,0.0,0.001,0.001,0.001,0.001,48496494.3191047,11612726.4491,-0.02
CATI/USDT,binance,bybit,0.1554,0.1556,0.1555,0.12861736334403728,0.001,0.001,0.001,0.001,2008848.13152,991948.060437,-0.0071
1000BONK/USDT:USDT,binance,bybit,0.012319,0.01232,0.0123195,0.008117212549204637,0.001,0.001,0.001,0.001,69695964.8604976,28363799.3495,-0.0192
T/USDT:USDT,binance,bybit,0.01777,0.01772,0.017745,0.2817695125387514,0.001,0.001,0.001,0.001,4794437.20695,552907.9996,0.0082
PHB/USDT:USDT,binance,bybit,0.6796,0.6793,0.67945,0.04415335933475119,0.001,0.001,0.001,0.001,4580721.2508,1138097.1021,-0.0156
KAS/USDT:USDT,binance,bybit,0.07121,0.07116,0.071185,0.07023951675211701,0.001,0.001,0.001,0.001,18539746.72861,19850689.7345,-0.013
USDT/PLN,binance,bybit,3.896,3.917,3.9065,0.5375655958018664,0.001,0.001,0.001,0.001,5858543.979,652923.78,0.0338
OP/USDT,binance,bybit,0.972,0.971,0.9715,0.10293360782295428,0.001,0.001,0.001,0.001,34326293.7408,5393144.527629,-0.0097
INJ/USDT:USDT,binance,bybit,11.596,11.596,11.596,0.0,0.001,0.001,0.001,0.001,75413883.5988,40490581.3241,-0.02
HMSTR/USDT:USDT,binance,bybit,0.002039,0.002039,0.002039,0.0,0.001,0.001,0.001,0.001,39728477.9220642,9593672.0137,-0.02
G/USDT:USDT,binance,bybit,0.01674,0.01673,0.016735,0.059755004481643635,0.001,0.001,0.001,0.001,4996538.61418,806617.6662,-0.014
VOXEL/USDT:USDT,binance,bybit,0.0847,0.08482,0.08476,0.1415762151958577,0.001,0.001,0.001,0.001,5009724.4727,423255.3862,-0.0058
BRETT/USDT:USDT,binance,bybit,0.03847,0.03846,0.038465,0.025997660210570966,0.001,0.001,0.001,0.001,13469721.13307,15639134.223,-0.0174
STRK/USDT:USDT,binance,bybit,0.1855,0.1853,0.1854,0.10787486515642164,0.001,0.001,0.001,0.001,23252214.22725,13857931.7089,-0.0092
MOVE/USDT,binance,bybit,0.5123,0.5121,0.5122,0.039047247169070286,0.001,0.001,0.001,0.001,40366291.96993,9043189.5942,-0.0161
NMR/USDT:USDT,binance,bybit,9.161,9.165,9.163,0.0436538251664254,0.001,0.001,0.001,0.001,5897054.8821,909696.0409,-0.0156
APT/USDT:USDT,binance,bybit,6.2519,6.251,6.25145,0.01439665997488069,0.001,0.001,0.001,0.001,157377619.93836,63200823.8209,-0.0186
CFX/USDT:USDT,binance,bybit,0.10061,0.10067,0.10064000000000001,0.05961844197137382,0.001,0.001,0.001,0.001,18983313.74882,1903720.6948,-0.014
UNI/USDT,binance,bybit,7.119,7.123,7.121,0.056171885971077765,0.001,0.001,0.001,0.001,26244763.407,5589564.432066,-0.0144
XVS/USDT:USDT,binance,bybit,6.224,6.227,6.2255,0.04818890048992231,0.001,0.001,0.001,0.001,3726984.0783,736701.5719,-0.0152
BANANA/USDT:USDT,binance,bybit,14.018,14.01,14.014,0.05708577137149205,0.001,0.001,0.001,0.001,6559655.8449,1838824.8924,-0.0143
ACA/USDT,binance,bybit,0.0409,0.04079,0.040845,0.269310809156565,0.001,0.001,0.001,0.001,961022.609729,31459.616246,0.0069
EIGEN/USDT:USDT,binance,bybit,1.3174,1.3178,1.3176,0.03035822707955206,0.001,0.001,0.001,0.001,64999654.26035,12022243.3718,-0.017
GPS/USDT,binance,bybit,0.0548,0.05483,0.054815,0.05472954483261024,0.001,0.001,0.001,0.001,61995743.87092,17572619.1904626,-0.0145
EDU/USDT:USDT,binance,bybit,0.1805,0.1807,0.18059999999999998,0.11074197120709067,0.001,0.001,0.001,0.001,6364180.972,877025.7375,-0.0089
IOTA/USDT:USDT,binance,bybit,0.2085,0.2087,0.2086,0.09587727708533351,0.001,0.001,0.001,0.001,26394859.0297,6255900.2547,-0.0104
RSR/USDT:USDT,binance,bybit,0.006599,0.006599,0.006599,0.0,0.001,0.001,0.001,0.001,19199263.303278,2957471.9832,-0.02
SSV/USDT,binance,bybit,9.25,9.23,9.24,0.2164502164502118,0.001,0.001,0.001,0.001,4527399.43262,503746.6544,0.0016
TAO/USDT:USDT,binance,bybit,277.47,277.32,277.395,0.05407451468124303,0.001,0.001,0.001,0.001,162613578.45,50962688.5623,-0.0146
ARB/USDT:USDT,binance,bybit,0.3991,0.3992,0.39915,0.02505323813102568,0.001,0.001,0.001,0.001,105289224.80085,47452924.626,-0.0175
ZRX/USDT,binance,bybit,0.2768,0.2765,0.27665,0.10844026748598118,0.001,0.001,0.001,0.001,1279713.4433,380985.39915,-0.0092
SYS/USDT:USDT,binance,bybit,0.0521,0.05211,0.052105,0.019192016121286102,0.001,0.001,0.001,0.001,3551026.09276,710324.602,-0.0181
MBOX/USDT:USDT,binance,bybit,0.0967,0.0967,0.0967,0.0,0.001,0.001,0.001,0.001,6321098.0327,720647.5965,-0.02
KDA/USDT,binance,bybit,0.488,0.487,0.4875,0.2051282051282053,0.001,0.001,0.001,0.001,4025428.98046,413442.322383,0.0005
JOE/USDT:USDT,binance,bybit,0.19911,0.1991,0.199105,0.0050224755782175235,0.001,0.001,0.001,0.001,3581151.69574,810733.7068,-0.0195
BSV/USDT:USDT,binance,bybit,36.59,36.58,36.585,0.027333606669414014,0.001,0.001,0.001,0.001,13194077.836,4849203.3998,-0.0173
RIF/USDT:USDT,binance,bybit,0.04698,0.04698,0.04698,0.0,0.001,0.001,0.001,0.001,4636924.20926,453108.1822,-0.02
AVAX/USDT,binance,bybit,20.32,20.32,20.32,0.0,0.001,0.001,0.001,0.001,98043758.4623,11492799.422,-0.02
UMA/USDT,binance,bybit,1.331,1.3291,1.33005,0.142851772489757,0.001,0.001,0.001,0.001,1070457.8633,38359.8580032,-0.0057
HOT/USDT,binance,bybit,0.001279,0.001279,0.001279,0.0,0.001,0.001,0.001,0.001,1611898.585226,8410.4866912,-0.02
ID/USDT:USDT,binance,bybit,0.24176,0.2418,0.24178,0.016543965588545165,0.001,0.001,0.001,0.001,6736152.31903,1729487.1186,-0.0183
XTZ/USDT,binance,bybit,0.768,0.768,0.768,0.0,0.001,0.001,0.001,0.001,2489288.9496,448411.74638,-0.02
PYTH/USDT,binance,bybit,0.1736,0.1734,0.1735,0.11527377521614163,0.001,0.001,0.001,0.001,4250346.9207,3252439.8455722,-0.0085
AI/USDT:USDT,binance,bybit,0.20666,0.2068,0.20673000000000002,0.06772118221835303,0.001,0.001,0.001,0.001,11188800.36405,785960.3524,-0.0132
POL/USDT:USDT,binance,bybit,0.24402,0.2439,0.24396,0.04918839153958897,0.001,0.001,0.001,0.001,26839403.45463,13874854.3412,-0.0151
GTC/USDT:USDT,binance,bybit,0.386,0.3878,0.3869,0.46523649521839444,0.001,0.001,0.001,0.001,7092216.315,436572.8648,0.0266
OM/USDT,binance,bybit,6.5956,6.5934,6.5945,0.03336113427856853,0.001,0.001,0.001,0.001,18112596.4754,3241720.061966,-0.0167
ONE/USDT:USDT,binance,bybit,0.01319,0.0132,0.013195,0.07578628268283132,0.001,0.001,0.001,0.001,12565017.36256,2300261.6616,-0.0124
DGB/USDT,binance,bybit,0.00944,0.009452,0.009446,0.1270378996400578,0.001,0.001,0.001,0.001,6137513.263936,281440.13366,-0.0073
ONG/USDT:USDT,binance,bybit,0.23154,0.2316,0.23157,0.025910091980828474,0.001,0.001,0.001,0.001,3225564.6871,540843.9217,-0.0174
CYBER/USDT:USDT,binance,bybit,1.361,1.36,1.3605,0.0735023888276288,0.001,0.001,0.001,0.001,6398066.2891,1897064.4398,-0.0127
AR/USDT:USDT,binance,bybit,7.192,7.196,7.194,0.05560189046426966,0.001,0.001,0.001,0.001,21891113.521,9865321.5684,-0.0144
SC/USDT,binance,bybit,0.003424,0.003423,0.0034235,0.029209872937056604,0.001,0.001,0.001,0.001,1160598.25299,266199.81732035,-0.0171
DENT/USDT:USDT,binance,bybit,0.000808,0.0008084,0.0008082,0.04949269982677675,0.001,0.001,0.001,0.001,6341674.338229,646609.6116,-0.0151
1000PEPE/USDT:USDT,binance,bybit,0.0070789,0.007079,0.0070789500000000005,0.0014126388800637592,0.001,0.001,0.001,0.001,722286493.6398923,270435578.0807,-0.0199
PEPE/USDT,binance,bybit,7.09e-06,7.09e-06,7.09e-06,0.0,0.001,0.001,0.001,0.001,183467291.16861963,29331860.032124646,-0.02
CHESS/USDT:USDT,binance,bybit,0.0979,0.098,0.09795000000000001,0.10209290454313716,0.001,0.001,0.001,0.001,3911763.9617,132296.8142,-0.0098
AXS/USDT,binance,bybit,3.545,3.544,3.5445,0.028212723938493153,0.001,0.001,0.001,0.001,6451815.65389,1021269.978989,-0.0172
BAND/USDT:USDT,binance,bybit,0.9082,0.9065,0.90735,0.18735879208685016,0.001,0.001,0.001,0.001,5864045.8354,1415259.7932,-0.0013
VANRY/USDT,binance,bybit,0.0328,0.03274,0.03277,0.18309429356119772,0.001,0.001,0.001,0.001,6641859.4514,111622.8091269,-0.0017
KOMA/USDT:USDT,binance,bybit,0.04038,0.04037,0.040375,0.024767801857575534,0.001,0.001,0.001,0.001,10787081.76565,4023841.5117,-0.0175
NULS/USDT:USDT,binance,bybit,0.1478,0.1483,0.14805,0.33772374197906146,0.001,0.001,0.001,0.001,3652920.0605,513988.5476,0.0138
VIRTUAL/USDT:USDT,binance,bybit,0.7312,0.7309,0.73105,0.04103686478352602,0.001,0.001,0.001,0.001,71886441.6598966,40402194.6631,-0.0159
XAI/USDT:USDT,binance,bybit,0.07676,0.07677,0.076765,0.013026770012388458,0.001,0.001,0.001,0.001,9358180.32546,3844607.0395,-0.0187
ZRO/USDT:USDT,binance,bybit,2.1193,2.1199,2.1196,0.028307227778823073,0.001,0.001,0.001,0.001,20022316.7655597,6205612.4374,-0.0172
1000CAT/USDT:USDT,binance,bybit,0.00812,0.008121,0.0081205,0.012314512653152705,0.001,0.001,0.001,0.001,14214945.71805,2435078.6101,-0.0188
XLM/USDT:USDT,binance,bybit,0.28588,0.28589,0.285885,0.0034979099987598123,0.001,0.001,0.001,0.001,147845651.35748,31219490.9543,-0.0197
STX/USDT:USDT,binance,bybit,0.7191,0.7186,0.71885,0.0695555400987612,0.001,0.001,0.001,0.001,34203767.3417,11114076.9458,-0.013
API3/USDT:USDT,binance,bybit,0.638,0.6378,0.6379,0.03135287662642702,0.001,0.001,0.001,0.001,5936715.073,2282298.5756,-0.0169
GALA/USDT,binance,bybit,0.01884,0.01885,0.018845,0.05306447333509998,0.001,0.001,0.001,0.001,19720335.88253,2652147.2264014,-0.0147
T/USDT,binance,bybit,0.01776,0.01764,0.0177,0.6779661016949269,0.001,0.001,0.001,0.001,2088080.843012,8505.4101698,0.048
AEVO/USDT,binance,bybit,0.1321,0.1322,0.13215,0.07567158531972512,0.001,0.001,0.001,0.001,5409686.19741,754484.324169,-0.0124
ETC/USDT:USDT,binance,bybit,20.457,20.458,20.4575,0.0048881828180260024,0.001,0.001,0.001,0.001,155927445.314,38079329.0436,-0.0195
SKL/USDT:USDT,binance,bybit,0.02844,0.02844,0.02844,0.0,0.001,0.001,0.001,0.001,6987131.95696,1241333.3698,-0.02
BADGER/USDT:USDT,binance,bybit,3.0048,3.007,3.0059,0.07318939419143025,0.001,0.001,0.001,0.001,4783190.1521,764055.2651,-0.0127
ALT/USDT:USDT,binance,bybit,0.03926,0.03928,0.03927,0.050929462694166504,0.001,0.001,0.001,0.001,16338506.66235,2622396.3103,-0.0149
EGLD/USDT:USDT,binance,bybit,20.282,20.26,20.271,0.10852942627397989,0.001,0.001,0.001,0.001,14689540.579,3144500.2699,-0.0092
ACE/USDT:USDT,binance,bybit,0.7731,0.7734,0.77325,0.03879728419010242,0.001,0.001,0.001,0.001,4783828.939905,1316322.5029,-0.0161
ENA/USDT,binance,bybit,0.4318,0.4319,0.43185,0.023156188491371767,0.001,0.001,0.001,0.001,216984534.66812,28452596.004208,-0.0177
IO/USDT,binance,bybit,1.003,1.002,1.0025,0.09975062344138554,0.001,0.001,0.001,0.001,11040675.16591,2000634.117789,-0.01
ENS/USDT,binance,bybit,20.46,20.46,20.46,0.0,0.001,0.001,0.001,0.001,7979558.1297,2119887.82818,-0.02
RPL/USDT:USDT,binance,bybit,5.837,5.84,5.8385,0.05138306071765203,0.001,0.001,0.001,0.001,4417510.8942,659617.322,-0.0149
FIDA/USDT,binance,bybit,0.1156,0.1159,0.11574999999999999,0.2591792656587547,0.001,0.001,0.001,0.001,3454611.21115,263226.755747,0.0059
SEI/USDT,binance,bybit,0.2259,0.2257,0.2258,0.08857395925596899,0.001,0.001,0.001,0.001,41599783.60833,6533699.538523,-0.0111
KSM/USDT:USDT,binance,bybit,18.036,18.04,18.038,0.02217540747310003,0.001,0.001,0.001,0.001,6630085.759,1475814.3179,-0.0178
POWR/USDT:USDT,binance,bybit,0.1834,0.1834,0.1834,0.0,0.001,0.001,0.001,0.001,4680292.5557,1260259.0248,-0.02
JUP/USDT:USDT,binance,bybit,0.5819,0.582,0.58195,0.01718360683907363,0.001,0.001,0.001,0.001,166300353.1317,53522173.6782,-0.0183
HIPPO/USDT:USDT,binance,bybit,0.00421,0.004204,0.004207000000000001,0.14261944378416752,0.001,0.001,0.001,0.001,3761681.69191,1757185.0936,-0.0057
GMX/USDT,binance,bybit,15.55,15.57,15.56,0.1285347043701772,0.001,0.001,0.001,0.001,2520794.07797,147883.7608,-0.0072
BTC/USDT,binance,bybit,86798.27,86811.69,86804.98000000001,0.015459942505600776,0.001,0.001,0.001,0.001,5087831612.151482,1428474717.5463374,-0.0185
ROSE/USDT,binance,bybit,0.03593,0.03601,0.03597,0.22240756185711333,0.001,0.001,0.001,0.001,5190769.513105,174258.109066,0.0022
GPS/USDT:USDT,binance,bybit,0.0544,0.05436,0.05438,0.07355645457888631,0.001,0.001,0.001,0.001,356110788.2801,135988576.1337,-0.0126
ZK/USDT,binance,bybit,0.0827,0.0827,0.0827,0.0,0.001,0.001,0.001,0.001,8609163.90712,1914594.593682,-0.02
S/USDT:USDT,binance,bybit,0.5069,0.5065,0.5066999999999999,0.07894217485693054,0.001,0.001,0.001,0.001,120598927.3868,43413546.2876,-0.0121
LDO/USDT:USDT,binance,bybit,1.0815,1.0805,1.081,0.09250693802034134,0.001,0.001,0.001,0.001,95158298.2774,31482891.3634,-0.0108
REZ/USDT:USDT,binance,bybit,0.02641,0.02641,0.02641,0.0,0.001,0.001,0.001,0.001,750219772.84528,129994315.6682,-0.02
DOGS/USDT,binance,bybit,0.0001444,0.0001445,0.00014445000000000001,0.06922810661126709,0.001,0.001,0.001,0.001,3700043.5002571,849133.8458187,-0.0131
SAFE/USDT:USDT,binance,bybit,0.4647,0.4648,0.46475,0.0215169445938653,0.001,0.001,0.001,0.001,5225239.4364,1603569.6468,-0.0179
THETA/USDT:USDT,binance,bybit,1.0516,1.0523,1.0519500000000002,0.06654308664859764,0.001,0.001,0.001,0.001,24249999.0945,4371114.8855,-0.0134
SCR/USDT:USDT,binance,bybit,0.4201,0.4198,0.41995,0.07143707584235433,0.001,0.001,0.001,0.001,11001361.3397,2589981.7871,-0.0129
LPT/USDT:USDT,binance,bybit,6.075,6.078,6.0765,0.04937052579610159,0.001,0.001,0.001,0.001,8587168.043,1684249.2724,-0.0151
OMNI/USDT:USDT,binance,bybit,3.861,3.861,3.861,0.0,0.001,0.001,0.001,0.001,7193180.6533,1495234.2837,-0.02
OP/USDT:USDT,binance,bybit,0.9687,0.9682,0.96845,0.05162889152770468,0.001,0.001,0.001,0.001,118949939.6242667,41176200.8492,-0.0148
MAVIA/USDT:USDT,binance,bybit,1.4929,0.1405,0.8167,165.59324109220032,0.001,0.001,0.001,0.001,8802899.2099,1046051.5813,96.14
FIDA/USDT:USDT,binance,bybit,0.11535,0.1153,0.115325,0.04335573379578972,0.001,0.001,0.001,0.001,10670891.70971,904612.0977,-0.0157
CETUS/USDT:USDT,binance,bybit,0.10811,0.10804,0.108075,0.06476983576220274,0.001,0.001,0.001,0.001,34129560.38939,6081042.287,-0.0135
ACX/USDT:USDT,binance,bybit,0.2455,0.2456,0.24555,0.040724903278361535,0.001,0.001,0.001,0.001,4210829.506,668107.5563,-0.0159
TRUMP/USDT:USDT,binance,bybit,12.53,12.524,12.527,0.047896543466115014,0.001,0.001,0.001,0.001,813958578.336849,345690237.9751,-0.0152
ETH/USDT:USDT,binance,bybit,2142.3,2141.92,2142.11,0.01773951851212632,0.001,0.001,0.001,0.001,13297590579.59,3967372632.5868,-0.0182
PNUT/USDT,binance,bybit,0.1865,0.1866,0.18655,0.05360493165370624,0.001,0.001,0.001,0.001,70982781.07863,5284855.12618,-0.0146
ETH/USDT,binance,bybit,2143.61,2143.72,2143.665,0.005131398795971973,0.001,0.001,0.001,0.001,1690865237.492429,308927756.8063356,-0.0195
IDEX/USDT:USDT,binance,bybit,0.0561,0.03057,0.043335,58.91311872620283,0.001,0.001,0.001,0.001,2205402.76518,685378.5197,8.323
GRIFFAIN/USDT:USDT,binance,bybit,0.04983,0.04979,0.04981,0.08030515960650145,0.001,0.001,0.001,0.001,85729083.05284,46555813.7165,-0.012
STRK/USDT,binance,bybit,0.1848,0.1852,0.185,0.21621621621622242,0.001,0.001,0.001,0.001,10455117.712765,2557044.496338,0.0016
ZRO/USDT,binance,bybit,2.112,2.114,2.113,0.09465215333647799,0.001,0.001,0.001,0.001,8141962.04426,2076267.576196,-0.0105
KMNO/USDT:USDT,binance,bybit,0.06209,0.06194,0.062015,0.24187696525033842,0.001,0.001,0.001,0.001,5587492.97804,2285564.8787,0.0042
SAGA/USDT:USDT,binance,bybit,0.4101,0.4101,0.4101,0.0,0.001,0.001,0.001,0.001,15414607.44066,1240487.0918,-0.02
CHZ/USDT:USDT,binance,bybit,0.04897,0.04898,0.048975000000000005,0.0204185809086331,0.001,0.001,0.001,0.001,35534589.65405,10158259.373,-0.018
ORBS/USDT:USDT,binance,bybit,0.035157,0.0206,0.0278785,52.21586527252183,0.001,0.001,0.001,0.001,4744389.826334,532640.4569,7.0394
SLP/USDT:USDT,binance,bybit,0.003515,0.001924,0.0027194999999999997,58.503401360544224,0.001,0.001,0.001,0.001,4000750.142606,755864.0413,8.241
ARC/USDT:USDT,binance,bybit,0.10564,0.10593,0.10578499999999999,0.2741409462589201,0.001,0.001,0.001,0.001,188497624.28543,72329925.5473,0.0074
WAXP/USDT:USDT,binance,bybit,0.02705,0.02707,0.02706,0.07390983000738797,0.001,0.001,0.001,0.001,3198142.58711,805888.819,-0.0126
GRT/USDT,binance,bybit,0.1041,0.104,0.10405,0.09610764055742706,0.001,0.001,0.001,0.001,6937949.2308,715414.4467896,-0.0104
USUAL/USDT:USDT,binance,bybit,0.191,0.191,0.191,0.0,0.001,0.001,0.001,0.001,38276015.0267,7395243.4274,-0.02
ACH/USDT:USDT,binance,bybit,0.025734,0.025752,0.025743000000000002,0.0699219205220862,0.001,0.001,0.001,0.001,30259251.004051,6489951.2539,-0.013
BEL/USDT,binance,bybit,0.8152,0.8194,0.8173,0.5138871895264874,0.001,0.001,0.001,0.001,2476977.62756,198667.771497,0.0315
WAXP/USDT,binance,bybit,0.0271,0.02726,0.02718,0.588668138337014,0.001,0.001,0.001,0.001,718580.83878,145805.8796595,0.039
GOAT/USDT:USDT,binance,bybit,0.0639,0.06386,0.06387999999999999,0.0626174076393212,0.001,0.001,0.001,0.001,49324542.1523,15326243.2162,-0.0137
TRUMP/USDT,binance,bybit,12.47,12.49,12.48,0.16025641025640683,0.001,0.001,0.001,0.001,263408422.50445,26886828.42339,-0.004
1000X/USDT:USDT,binance,bybit,0.0481,0.04808,0.048089999999999994,0.0415886878768958,0.001,0.001,0.001,0.001,2109969.11031,1433425.3796,-0.0158
1000000MOG/USDT:USDT,binance,bybit,0.5129,0.513,0.51295,0.019495077492930887,0.001,0.001,0.001,0.001,9296869.40949,4640559.8705,-0.0181
THETA/USDT,binance,bybit,1.052,1.051,1.0514999999999999,0.09510223490253086,0.001,0.001,0.001,0.001,5759161.2452,465307.64256,-0.0105
TST/USDT,binance,bybit,0.0686,0.003348,0.035974,181.38655695780284,0.001,0.001,0.001,0.001,16725326.27867,217411.84080964,194.6835
EIGEN/USDT,binance,bybit,1.31,1.31,1.31,0.0,0.001,0.001,0.001,0.001,19911202.70972,2451805.958,-0.02
ADA/USDT:USDT,binance,bybit,0.8217,0.821,0.82135,0.08522554331284274,0.001,0.001,0.001,0.001,2639261783.9525,1212999860.009,-0.0115
ZEN/USDT,binance,bybit,10.51,10.49,10.5,0.1904761904761864,0.001,0.001,0.001,0.001,9204326.7531,982120.10124,-0.001
MASK/USDT,binance,bybit,2.19,2.19,2.19,0.0,0.001,0.001,0.001,0.001,3918461.1111,824545.845099,-0.02
VVV/USDT:USDT,binance,bybit,3.118,3.117,3.1174999999999997,0.032076984763428705,0.001,0.001,0.001,0.001,13686323.301729,5281079.9544,-0.0168
ATOM/USDT,binance,bybit,4.301,4.292,4.2965,0.2094728267194307,0.001,0.001,0.001,0.001,13340326.06533,2756083.105236,0.0009
SUI/USDT,binance,bybit,2.6117,2.6133,2.6125,0.06124401913876623,0.001,0.001,0.001,0.001,360051078.97082,64355545.772283,-0.0139
XMR/USDT:USDT,binance,bybit,220.01,220.05,220.03,0.01817933918103007,0.001,0.001,0.001,0.001,22632907.79,6598633.5295,-0.0182
IP/USDT:USDT,binance,bybit,4.65094,4.6505,4.65072,0.009460900677749209,0.001,0.001,0.001,0.001,213169047.565543,100836565.5695,-0.0191
NTRN/USDT:USDT,binance,bybit,0.1519,0.1522,0.15205000000000002,0.19730351857941117,0.001,0.001,0.001,0.001,2733765.7298,250168.2328,-0.0003
MINA/USDT:USDT,binance,bybit,0.2914,0.2912,0.2913,0.06865774116030826,0.001,0.001,0.001,0.001,10925739.5893,2152941.0513,-0.0131
HIVE/USDT:USDT,binance,bybit,0.26388,0.2638,0.26383999999999996,0.030321406913290064,0.001,0.001,0.001,0.001,9099898.45051,2747785.2227,-0.017
OMNI/USDT,binance,bybit,3.86,3.86,3.86,0.0,0.001,0.001,0.001,0.001,1807521.7911,118255.0813,-0.02
COMP/USDT,binance,bybit,50.71,50.69,50.7,0.039447731755430225,0.001,0.001,0.001,0.001,2513506.7162,920590.46581,-0.0161
NEAR/USDT,binance,bybit,2.978,2.98,2.979,0.06713662302785431,0.001,0.001,0.001,0.001,82754165.0632,9267548.674845,-0.0133
XAI/USDT,binance,bybit,0.0764,0.0764,0.0764,0.0,0.001,0.001,0.001,0.001,4577815.9582,691959.0862661,-0.02
KSM/USDT,binance,bybit,18.0,18.04,18.02,0.22197558268589984,0.001,0.001,0.001,0.001,2429037.55376,570168.00521,0.0022
JST/USDT,binance,bybit,0.03228,0.03264,0.03246,1.1090573012938978,0.001,0.001,0.001,0.001,853050.082709,517.4724066,0.0914
JASMY/USDT:USDT,binance,bybit,0.016469,0.01648,0.016474500000000003,0.06676985644481222,0.001,0.001,0.001,0.001,27548783.060799,12356038.3999,-0.0133
MANTA/USDT:USDT,binance,bybit,0.2892,0.2892,0.2892,0.0,0.001,0.001,0.001,0.001,20974406.27219,2765960.4422,-0.02
NKN/USDT:USDT,binance,bybit,0.04997,0.05,0.049985,0.060018005401624976,0.001,0.001,0.001,0.001,3311943.66478,474006.6628,-0.014
FARTCOIN/USDT:USDT,binance,bybit,0.2673,0.2672,0.26725,0.037418147801679694,0.001,0.001,0.001,0.001,357419701.387097,290316287.9891,-0.0163
HFT/USDT,binance,bybit,0.0822,0.0823,0.08224999999999999,0.1215805471124655,0.001,0.001,0.001,0.001,1912788.65661,778548.143423,-0.0078
BOME/USDT,binance,bybit,0.001579,0.001581,0.00158,0.126582278481002,0.001,0.001,0.001,0.001,9353973.364827,2497307.11880134,-0.0073
INJ/USDT,binance,bybit,11.51,11.5,11.504999999999999,0.08691873098652575,0.001,0.001,0.001,0.001,17296456.2902,3517769.21023,-0.0113
KAIA/USDT,binance,bybit,0.1151,0.1152,0.11515,0.08684324793747535,0.001,0.001,0.001,0.001,3825806.36119,540081.1733,-0.0113
ETHW/USDT:USDT,binance,bybit,1.6604,1.659,1.6597,0.08435259384226475,0.001,0.001,0.001,0.001,2799473.7668,669039.9693,-0.0116
LINA/USDT:USDT,binance,bybit,0.00208,0.002088,0.002084,0.3838771593090305,0.001,0.001,0.001,0.001,7972786.81173,1487685.0862,0.0184
DEGEN/USDT:USDT,binance,bybit,0.003722,0.00372,0.0037210000000000003,0.05374899220639161,0.001,0.001,0.001,0.001,6300771.554679,2604183.6943,-0.0146
POL/USDT,binance,bybit,0.2424,0.2424,0.2424,0.0,0.001,0.001,0.001,0.001,14329124.76981,2468974.914521,-0.02
FLOKI/USDT,binance,bybit,7.14e-05,7.135e-05,7.1375e-05,0.07005253940455512,0.001,0.001,0.001,0.001,25804496.79716468,2828259.392265965,-0.013
STEEM/USDT:USDT,binance,bybit,0.14025,0.1402,0.140225,0.035656979853822254,0.001,0.001,0.001,0.001,4160145.72025,1118547.8958,-0.0164
RENDER/USDT:USDT,binance,bybit,3.599,3.597,3.598,0.05558643690940033,0.001,0.001,0.001,0.001,60260138.3543,33804795.2167,-0.0144
BNX/USDT:USDT,binance,bybit,0.9861,0.9834,0.98475,0.27418126428026657,0.001,0.001,0.001,0.001,197143278.25917,60733955.3487,0.0074
ENA/USDT:USDT,binance,bybit,0.4284,0.4281,0.42825,0.07005253940455866,0.001,0.001,0.001,0.001,735811811.6185,281483347.1503,-0.013
BCH/USDT,binance,bybit,393.4,393.2,393.29999999999995,0.0508517670989038,0.001,0.001,0.001,0.001,66421396.9072,9360184.3845,-0.0149
MKR/USDT:USDT,binance,bybit,1306.4,1306.1,1306.25,0.02296650717704742,0.001,0.001,0.001,0.001,104313962.29,27667999.403,-0.0177
CGPT/USDT,binance,bybit,0.1076,0.1082,0.1079,0.5560704355885109,0.001,0.001,0.001,0.001,3654314.56104,638559.5799355,0.0357
GMT/USDT,binance,bybit,0.0522,0.0523,0.052250000000000005,0.1913875598086046,0.001,0.001,0.001,0.001,10500186.81213,744885.395035,-0.0009
SEI/USDT:USDT,binance,bybit,0.2243,0.2243,0.2243,0.0,0.001,0.001,0.001,0.001,105166368.9906,50748683.6971,-0.02
HOOK/USDT,binance,bybit,0.1647,0.1644,0.16455,0.18231540565179122,0.001,0.001,0.001,0.001,848733.84508,1056270.234957,-0.0018
AKT/USDT:USDT,binance,bybit,1.35,1.349,1.3495,0.07410151908114945,0.001,0.001,0.001,0.001,3573457.7995,1574746.5681,-0.0126
ZRX/USDT:USDT,binance,bybit,0.2749,0.2747,0.2748,0.07278020378456258,0.001,0.001,0.001,0.001,8137827.6683,1647356.4054,-0.0127
AAVE/USDT,binance,bybit,197.28,197.37,197.325,0.045610034207527385,0.001,0.001,0.001,0.001,76483982.46224,13912747.30508,-0.0154
HOT/USDT:USDT,binance,bybit,0.001271,0.001272,0.0012715,0.07864726700746487,0.001,0.001,0.001,0.001,5940112.635513,416803.0738,-0.0121
SUN/USDT:USDT,binance,bybit,0.01744,0.017452,0.017446,0.06878367534104163,0.001,0.001,0.001,0.001,N/A,563987.589,-0.0131
ENJ/USDT,binance,bybit,0.1021,0.10193,0.102015,0.16664216046658786,0.001,0.001,0.001,0.001,3217502.06013,99200.4516932,-0.0033
1000RATS/USDT:USDT,binance,bybit,0.02908,0.02907,0.029075,0.03439380911436995,0.001,0.001,0.001,0.001,23380487.4892,16748430.855,-0.0166
KAVA/USDT:USDT,binance,bybit,0.4251,0.4252,0.42515000000000003,0.023521110196411735,0.001,0.001,0.001,0.001,9917932.152,3095876.7544,-0.0176
WIF/USDT:USDT,binance,bybit,0.5381,0.5377,0.5379,0.07436326454732607,0.001,0.001,0.001,0.001,338632811.5524172,187969204.4825,-0.0126
XEC/USDT,binance,bybit,2.261e-05,2.26e-05,2.2604999999999998e-05,0.04423800044237209,0.001,0.001,0.001,0.001,1518776.864907,90147.263222754,-0.0156
BIO/USDT:USDT,binance,bybit,0.1011,0.1012,0.10114999999999999,0.09886307464162418,0.001,0.001,0.001,0.001,23663202.6925,4195250.7814,-0.0101
ZETA/USDT:USDT,binance,bybit,0.2417,0.2416,0.24165,0.04138216428718766,0.001,0.001,0.001,0.001,4801097.7212,3008813.4444,-0.0159
BTC/USDT:USDT,binance,bybit,86531.4,86548.7,86540.04999999999,0.01999074416989927,0.001,0.001,0.001,0.001,39741570203.8,20365669715.4347,-0.018
CVX/USDT:USDT,binance,bybit,2.374,2.344,2.359,1.2717253073336265,0.001,0.001,0.001,0.001,3552591.183,4642957.3587,0.1079
CKB/USDT:USDT,binance,bybit,0.005657,0.005658,0.005657499999999999,0.01767565178966209,0.001,0.001,0.001,0.001,15295098.501312,4004269.52,-0.0182
JASMY/USDT,binance,bybit,0.01643,0.01643,0.01643,0.0,0.001,0.001,0.001,0.001,9694776.826822,1424944.347526,-0.02
SHELL/USDT:USDT,binance,bybit,0.316,0.3159,0.31595,0.031650577623038134,0.001,0.001,0.001,0.001,136834361.6208,22866395.3123,-0.0168
S/USDT,binance,bybit,0.5039,0.5039,0.5039,0.0,0.001,0.001,0.001,0.001,68708437.79473,15955822.070525,-0.02
PYTH/USDT:USDT,binance,bybit,0.17165,0.1717,0.171675,0.029124799766998395,0.001,0.001,0.001,0.001,21156388.81401,7153063.0217,-0.0171
YFI/USDT:USDT,binance,bybit,5349.0,5350.0,5349.5,0.01869333582577811,0.001,0.001,0.001,0.001,9437777.2,2008489.6477,-0.0181
MAV/USDT:USDT,binance,bybit,0.07762,0.07782,0.07772,0.2573340195573928,0.001,0.001,0.001,0.001,13163563.71332,1504708.7943,0.0057
DYM/USDT,binance,bybit,0.354,0.3536,0.3538,0.11305822498585527,0.001,0.001,0.001,0.001,2642478.7045,258744.128884,-0.0087
DOGE/USDT:USDT,binance,bybit,0.19772,0.1977,0.19771,0.010115826210115827,0.001,0.001,0.001,0.001,1257557671.96382,385397221.0511,-0.019
BB/USDT:USDT,binance,bybit,0.13525,0.1353,0.135275,0.036961744594340776,0.001,0.001,0.001,0.001,7749712.18439,1875507.6828,-0.0163
MOVE/USDT:USDT,binance,bybit,0.5009,0.5002,0.50055,0.13984616921387152,0.001,0.001,0.001,0.001,329076451.5412,91916814.7723,-0.006
VINE/USDT:USDT,binance,bybit,0.03141,0.03136,0.031384999999999996,0.1593117731400396,0.001,0.001,0.001,0.001,47154809.48791,16442695.4674,-0.0041
CAKE/USDT:USDT,binance,bybit,1.7265,1.725,1.7257500000000001,0.08691873098651802,0.001,0.001,0.001,0.001,25661043.2116,3507699.4341,-0.0113
HOOK/USDT:USDT,binance,bybit,0.1635,0.1634,0.16344999999999998,0.06118078923219134,0.001,0.001,0.001,0.001,4177430.32391,1142514.9661,-0.0139
VTHO/USDT:USDT,binance,bybit,0.002617,0.002616,0.0026165,0.03821899484044077,0.001,0.001,0.001,0.001,8728174.207239,2842203.1808,-0.0162
DOT/USDT:USDT,binance,bybit,4.407,4.4076,4.4073,0.013613777142476753,0.001,0.001,0.001,0.001,228924961.48,61333404.4668,-0.0186
DASH/USDT:USDT,binance,bybit,24.18,24.22,24.2,0.1652892561983436,0.001,0.001,0.001,0.001,6442542.09,734272.6371,-0.0035
W/USDT,binance,bybit,0.1003,0.1003,0.1003,0.0,0.001,0.001,0.001,0.001,6623899.03335,991135.319033,-0.02
SONIC/USDT:USDT,binance,bybit,0.2474,0.247,0.2472,0.16181229773463246,0.001,0.001,0.001,0.001,10795992.88569,3827251.3482,-0.0038
FLOW/USDT:USDT,binance,bybit,0.434,0.4346,0.4343,0.13815335021874037,0.001,0.001,0.001,0.001,11455913.019,4335890.0252,-0.0062
USTC/USDT,binance,bybit,0.01237,0.01239,0.01238,0.16155088852988034,0.001,0.001,0.001,0.001,1750942.24508,165865.9767994,-0.0038
MDT/USDT:USDT,binance,bybit,0.06331,0.02767,0.04549,78.34688942624753,0.001,0.001,0.001,0.001,13059404.42632,329534.2326,12.8475
CTSI/USDT:USDT,binance,bybit,0.0806,0.08049,0.080545,0.13656961946737722,0.001,0.001,0.001,0.001,7273877.0866,1375549.881,-0.0063
LSK/USDT:USDT,binance,bybit,0.6015,0.6013,0.6013999999999999,0.03325573661458082,0.001,0.001,0.001,0.001,2905398.2693,781862.9299,-0.0167
COTI/USDT:USDT,binance,bybit,0.07214,0.07216,0.07214999999999999,0.027720027720036212,0.001,0.001,0.001,0.001,15357778.73509,1529621.6534,-0.0172
ETC/USDT,binance,bybit,20.25,20.26,20.255000000000003,0.049370525796107435,0.001,0.001,0.001,0.001,36621708.0031,5276047.801,-0.0151
MYRO/USDT:USDT,binance,bybit,0.01783,0.0178,0.017814999999999998,0.16839741790625193,0.001,0.001,0.001,0.001,5781275.6117,2606571.4807,-0.0032
BICO/USDT,binance,bybit,0.132,0.133,0.1325,0.7547169811320761,0.001,0.001,0.001,0.001,1533365.170734,59763.3325,0.0557
IOTX/USDT:USDT,binance,bybit,0.01605,0.01606,0.016055,0.062285892245425495,0.001,0.001,0.001,0.001,5928947.53077,1068143.8423,-0.0138
TWT/USDT,binance,bybit,0.9926,0.993,0.9928,0.04029008863819057,0.001,0.001,0.001,0.001,2003117.6234,699722.110605,-0.016
RVN/USDT:USDT,binance,bybit,0.01258,0.01256,0.01257,0.1591089896579092,0.001,0.001,0.001,0.001,5318623.57845,1025852.3028,-0.0041
LISTA/USDT:USDT,binance,bybit,0.1843,0.1839,0.18409999999999999,0.21727322107549363,0.001,0.001,0.001,0.001,5708089.9775,507612.1954,0.0017
GMT/USDT:USDT,binance,bybit,0.05177,0.05179,0.05178,0.03862495171882218,0.001,0.001,0.001,0.001,35178697.50756,58082083.8002,-0.0161
ME/USDT:USDT,binance,bybit,1.15,1.1492,1.1496,0.06958942240778636,0.001,0.001,0.001,0.001,18897146.7089818,4458979.7101,-0.013
EOS/USDT,binance,bybit,0.5419,0.5419,0.5419,0.0,0.001,0.001,0.001,0.001,11063588.66906,1891823.663028,-0.02
BLUR/USDT,binance,bybit,0.1165,0.1165,0.1165,0.0,0.001,0.001,0.001,0.001,3264731.25698,1002025.6390564,-0.02
PROM/USDT:USDT,binance,bybit,5.872,5.873,5.8725000000000005,0.0170285227756549,0.001,0.001,0.001,0.001,7620147.8276,879738.393,-0.0183
FLM/USDT:USDT,binance,bybit,0.0346,0.03473,0.034665,0.3750180297129617,0.001,0.001,0.001,0.001,7572244.8672,882828.2381,0.0175
XRP/USDT,binance,bybit,2.3654,2.3659,2.36565,0.021135840043950832,0.001,0.001,0.001,0.001,1114719616.3691,341153746.876145,-0.0179
RLC/USDT:USDT,binance,bybit,1.1517,1.1509,1.1513,0.06948666724571458,0.001,0.001,0.001,0.001,7206391.0941,1115376.518,-0.0131
HBAR/USDT:USDT,binance,bybit,0.23147,0.23109,0.23127999999999999,0.16430300933933725,0.001,0.001,0.001,0.001,367660306.67162,171887814.3983,-0.0036
HMSTR/USDT,binance,bybit,0.001999,0.001999,0.001999,0.0,0.001,0.001,0.001,0.001,3136207.200454,546631.43074368,-0.02
ANIME/USDT:USDT,binance,bybit,0.0192,0.01913,0.019165,0.36524915210016773,0.001,0.001,0.001,0.001,30428371.2109,10451157.4385,0.0166
JTO/USDT,binance,bybit,2.449,2.448,2.4485,0.040841331427400034,0.001,0.001,0.001,0.001,16347736.7859,2571829.6119,-0.0159
USDC/USDT,binance,bybit,1.0003,1.0002,1.0002499999999999,0.00999750062484269,0.001,0.001,0.001,0.001,1219792418.6668,155407706.001548,-0.019
LUNA2/USDT:USDT,binance,bybit,0.2029,0.2026,0.20274999999999999,0.14796547472256213,0.001,0.001,0.001,0.001,10318736.1775,1910237.404,-0.0052
SCRT/USDT:USDT,binance,bybit,0.2,0.1998,0.19990000000000002,0.1000500250125091,0.001,0.001,0.001,0.001,2431248.435,241870.046,-0.01
HEI/USDT:USDT,binance,bybit,0.4845,0.4842,0.48435,0.06193868070609414,0.001,0.001,0.001,0.001,19886106.89886,4768824.599,-0.0138
OMG/USDT:USDT,binance,bybit,0.291,0.2387,0.26485,19.74702661884085,0.001,0.001,0.001,0.001,10920359.6502,5197800.6799,2.1688
VIDT/USDT:USDT,binance,bybit,0.01118,0.01119,0.011185,0.08940545373267404,0.001,0.001,0.001,0.001,5110859.66239,965922.8114,-0.0111
QTUM/USDT,binance,bybit,2.294,2.2936,2.2938,0.017438311971399247,0.001,0.001,0.001,0.001,3876436.2645,217676.4938368,-0.0183
BNB/USDT:USDT,binance,bybit,590.51,590.2,590.355,0.052510777413580886,0.001,0.001,0.001,0.001,508265297.249,79007608.575,-0.0148
TNSR/USDT,binance,bybit,0.4219,0.4224,0.42215,0.1184413123297407,0.001,0.001,0.001,0.001,3312417.20358,765289.312958,-0.0082
ZIL/USDT:USDT,binance,bybit,0.01273,0.01273,0.01273,0.0,0.001,0.001,0.001,0.001,11861661.70696,1468046.9597,-0.02
VANA/USDT,binance,bybit,5.867,5.874,5.8705,0.11924026914231622,0.001,0.001,0.001,0.001,6266881.72272,862744.11001,-0.0081
W/USDT:USDT,binance,bybit,0.09972,0.0998,0.09976,0.08019246190857733,0.001,0.001,0.001,0.001,18682304.820299,5815848.446,-0.012
PENGU/USDT,binance,bybit,0.006408,0.0064,0.006404,0.12492192379761598,0.001,0.001,0.001,0.001,34008552.973504,6119260.42126,-0.0075
BAKE/USDT:USDT,binance,bybit,0.137,0.137,0.137,0.0,0.001,0.001,0.001,0.001,13913767.0496,1720016.6027,-0.02
NOT/USDT,binance,bybit,0.002346,0.002345,0.0023455,0.04263483265828748,0.001,0.001,0.001,0.001,20429754.273252,14479892.50663965,-0.0157
GAS/USDT:USDT,binance,bybit,3.104,3.106,3.105,0.06441223832527472,0.001,0.001,0.001,0.001,4912430.2052,934770.7406,-0.0136
STG/USDT:USDT,binance,bybit,0.2171,0.2171,0.2171,0.0,0.001,0.001,0.001,0.001,6379271.8088,1095170.8683,-0.02
JUP/USDT,binance,bybit,0.5736,0.5735,0.57355,0.01743527155435254,0.001,0.001,0.001,0.001,22501774.12737,7392820.183393,-0.0183
DGB/USDT:USDT,binance,bybit,0.01922,0.009492,0.014356,67.76260796879353,0.001,0.001,0.001,0.001,45674718.93021,4953260.9255,10.2184
SUSHI/USDT,binance,bybit,0.703,0.702,0.7024999999999999,0.14234875444839873,0.001,0.001,0.001,0.001,5977717.2964,1134772.813645,-0.0058
EOS/USDT:USDT,binance,bybit,0.542,0.5422,0.5421,0.03689356207341413,0.001,0.001,0.001,0.001,82192032.485,22467075.2094,-0.0163
XTZ/USDT:USDT,binance,bybit,0.757,0.7575,0.75725,0.06602839220864244,0.001,0.001,0.001,0.001,11132750.52,2224209.9213,-0.0134
CGPT/USDT:USDT,binance,bybit,0.10604,0.10592,0.10597999999999999,0.11322891111530019,0.001,0.001,0.001,0.001,12620971.94021,1600049.2498,-0.0087
DOT/USDT,binance,bybit,4.389,4.388,4.3885000000000005,0.02278682921272266,0.001,0.001,0.001,0.001,56583885.05016,6439437.384542,-0.0177
CRV/USDT:USDT,binance,bybit,0.426,0.4255,0.42574999999999996,0.11743981209630075,0.001,0.001,0.001,0.001,143463100.606,43948850.0205,-0.0083
UMA/USDT:USDT,binance,bybit,1.309,1.309,1.309,0.0,0.001,0.001,0.001,0.001,5366674.246,1222996.2634,-0.02
RONIN/USDT:USDT,binance,bybit,0.8876,0.8857,0.8866499999999999,0.21428974228837783,0.001,0.001,0.001,0.001,5577559.97265,366265.5343,0.0014
ZIL/USDT,binance,bybit,0.01276,0.01276,0.01276,0.0,0.001,0.001,0.001,0.001,1997114.053656,344473.205994,-0.02
SCR/USDT,binance,bybit,0.415,0.414,0.4145,0.2412545235223163,0.001,0.001,0.001,0.001,5962621.8497,253242.02934,0.0041
APT/USDT,binance,bybit,6.191,6.19,6.1905,0.016153784023898648,0.001,0.001,0.001,0.001,32024661.50747,9217913.94494,-0.0184
WOO/USDT:USDT,binance,bybit,0.09744,0.0973,0.09737,0.1437814521926684,0.001,0.001,0.001,0.001,7163205.93712,1097502.0649,-0.0056
LEVER/USDT:USDT,binance,bybit,0.0010398,0.001039,0.0010394,0.07696748123917832,0.001,0.001,0.001,0.001,4969493.003291,2354465.3028,-0.0123
TRU/USDT:USDT,binance,bybit,0.03905,0.03898,0.039015,0.17941817249775885,0.001,0.001,0.001,0.001,6844835.73254,1369286.9334,-0.0021
PONKE/USDT:USDT,binance,bybit,0.10319,0.10305,0.10312,0.13576415826221996,0.001,0.001,0.001,0.001,6650793.20198,3481668.8593,-0.0064
CHILLGUY/USDT:USDT,binance,bybit,0.0281,0.02808,0.02809,0.0711997152011363,0.001,0.001,0.001,0.001,28664172.4117,8124861.6126,-0.0129
JUV/USDT,binance,bybit,1.156,1.1554,1.1557,0.0519165873496525,0.001,0.001,0.001,0.001,3439992.36322,275392.434597,-0.0148
SUN/USDT,binance,bybit,0.0174,0.017388,0.017394,0.0689893066574573,0.001,0.001,0.001,0.001,1337331.67523,14569.62125093,-0.0131
MANA/USDT,binance,bybit,0.2881,0.2882,0.28815,0.03470414714558007,0.001,0.001,0.001,0.001,6576600.0166,2342417.158231,-0.0165
DYDX/USDT:USDT,binance,bybit,0.653,0.6519,0.65245,0.16859529465859296,0.001,0.001,0.001,0.001,55456244.104,12756408.2298,-0.0031
FIL/USDT,binance,bybit,3.097,3.1,3.0985,0.09682104243989394,0.001,0.001,0.001,0.001,34973143.18238,6631872.93928,-0.0103
ENJ/USDT:USDT,binance,bybit,0.10124,0.1012,0.10122,0.03951788184153168,0.001,0.001,0.001,0.001,N/A,1673136.2331,-0.0161
AUCTION/USDT:USDT,binance,bybit,15.096,15.108,15.102,0.07945967421533873,0.001,0.001,0.001,0.001,266068113.916007,60441382.5921,-0.0121
MORPHO/USDT:USDT,binance,bybit,1.5508,1.5482,1.5495,0.16779606324620427,0.001,0.001,0.001,0.001,10246605.4326996,2735594.6998,-0.0032
MEME/USDT:USDT,binance,bybit,0.002924,0.002924,0.002924,0.0,0.001,0.001,0.001,0.001,32547337.485686,3162972.7477,-0.02
AVAX/USDT:USDT,binance,bybit,20.05,20.045,20.0475,0.02494076568150146,0.001,0.001,0.001,0.001,345421070.888,169594524.1135,-0.0175
TIA/USDT,binance,bybit,3.152,3.151,3.1515,0.0317309217832884,0.001,0.001,0.001,0.001,19782057.72879,4995654.76936,-0.0168
B3/USDT:USDT,binance,bybit,0.00483,0.004828,0.004829,0.041416442327609555,0.001,0.001,0.001,0.001,15094805.18336,18859187.0683,-0.0159
OM/USDT:USDT,binance,bybit,6.55582,6.5602,6.5580099999999995,0.06678855323490317,0.001,0.001,0.001,0.001,69883492.6307341,36397201.6799,-0.0133
ALICE/USDT:USDT,binance,bybit,0.579,0.579,0.579,0.0,0.001,0.001,0.001,0.001,11714086.198,1867804.3318,-0.02
TUSD/USDT,binance,bybit,0.9976,0.9978,0.9977,0.020046106043898764,0.001,0.001,0.001,0.001,1313819.6327,7326.113634,-0.018
ADA/USDT,binance,bybit,0.8141,0.8141,0.8141,0.0,0.001,0.001,0.001,0.001,671599590.61852,114800540.666327,-0.02
ILV/USDT:USDT,binance,bybit,15.946,15.96,15.953,0.08775778850373675,0.001,0.001,0.001,0.001,3253650.2906,783013.2728,-0.0112
ARKM/USDT,binance,bybit,0.581,0.582,0.5814999999999999,0.17196904557179726,0.001,0.001,0.001,0.001,17072585.7192,1668638.68362,-0.0028
NEAR/USDT:USDT,binance,bybit,2.946,2.946,2.946,0.0,0.001,0.001,0.001,0.001,232764269.966,119412591.172,-0.02
NFP/USDT:USDT,binance,bybit,0.0956,0.0955,0.09555,0.10465724751439337,0.001,0.001,0.001,0.001,6788095.4254,340806.4794,-0.0095
PSG/USDT,binance,bybit,2.023,2.0263,2.0246500000000003,0.16299113427011375,0.001,0.001,0.001,0.001,700918.07508,103681.590745,-0.0037
FLUX/USDT:USDT,binance,bybit,0.3128,0.3129,0.31285,0.03196420009588908,0.001,0.001,0.001,0.001,2703920.9943,371470.2196,-0.0168
NEIRO/USDT,binance,bybit,0.00028432,0.03815,0.01921716,197.04097795928226,0.001,0.001,0.001,0.001,21429443.94974882,4083648.6427358,1330.4462
MELANIA/USDT:USDT,binance,bybit,0.756,0.756,0.756,0.0,0.001,0.001,0.001,0.001,37485580.370164,15402455.8197,-0.02
BONK/USDT,binance,bybit,1.195e-05,1.196e-05,1.1955e-05,0.0836470096194053,0.001,0.001,0.001,0.001,28381443.55505611,3323883.421048751,-0.0116
PORTAL/USDT,binance,bybit,0.1113,0.1113,0.1113,0.0,0.001,0.001,0.001,0.001,2228528.90411,321507.068773,-0.02
1000FLOKI/USDT:USDT,binance,bybit,0.07098,0.07098,0.07098,0.0,0.001,0.001,0.001,0.001,44945502.81693,10298118.0074,-0.02
KAIA/USDT:USDT,binance,bybit,0.1142,0.1143,0.11424999999999999,0.08752735229759552,0.001,0.001,0.001,0.001,N/A,N/A,-0.0113
PEOPLE/USDT:USDT,binance,bybit,0.01755,0.01754,0.017544999999999998,0.05699629524080703,0.001,0.001,0.001,0.001,42454979.29733,8360519.4316,-0.0143
IO/USDT:USDT,binance,bybit,0.9809,0.98,0.98045,0.09179458411953816,0.001,0.001,0.001,0.001,32799306.9671843,6130132.5172,-0.0108
ZEREBRO/USDT:USDT,binance,bybit,0.0346,0.03452,0.03456,0.23148148148147205,0.001,0.001,0.001,0.001,36674199.0323,23193249.1131,0.0032
XRP/USDT:USDT,binance,bybit,2.3637,2.362,2.36285,0.07194701314091183,0.001,0.001,0.001,0.001,4325526907.7779,2349396887.9101,-0.0128
ANKR/USDT:USDT,binance,bybit,0.01873,0.01871,0.01872,0.10683760683760249,0.001,0.001,0.001,0.001,4650207.47156,1326972.9967,-0.0093
GALA/USDT:USDT,binance,bybit,0.01844,0.01844,0.01844,0.0,0.001,0.001,0.001,0.001,101443668.69823,59893008.9505,-0.02
JTO/USDT:USDT,binance,bybit,2.4594,2.458,2.4587000000000003,0.05694065969820822,0.001,0.001,0.001,0.001,93035667.0121,40110354.8432,-0.0143
AXL/USDT,binance,bybit,0.3957,0.396,0.39585000000000004,0.07578628268284007,0.001,0.001,0.001,0.001,4894106.511432,1122368.840371,-0.0124
ALPHA/USDT:USDT,binance,bybit,0.0425,0.04255,0.042525,0.11757789535566018,0.001,0.001,0.001,0.001,18828534.97617,2093217.591,-0.0082
ZK/USDT:USDT,binance,bybit,0.08148,0.08147,0.08147499999999999,0.012273703590053543,0.001,0.001,0.001,0.001,16147367.22318,4176532.5303,-0.0188
RED/USDT,binance,bybit,0.6342,0.6345,0.63435,0.04729250413808891,0.001,0.001,0.001,0.001,75982352.02547,9877594.409666,-0.0153
YGG/USDT:USDT,binance,bybit,0.2074,0.2072,0.20729999999999998,0.09647853352629317,0.001,0.001,0.001,0.001,12865799.764,2253212.3686,-0.0104
1000XEC/USDT:USDT,binance,bybit,0.02255,0.02253,0.02254,0.08873114463176213,0.001,0.001,0.001,0.001,7362117.79856,1070934.7227,-0.0111
SSV/USDT:USDT,binance,bybit,9.097,9.08,9.0885,0.18704956813555,0.001,0.001,0.001,0.001,12251450.84805,1123422.777,-0.0013
AXL/USDT:USDT,binance,bybit,0.395,0.3944,0.3947,0.15201418799089053,0.001,0.001,0.001,0.001,15761716.23226,2861775.0239,-0.0048
COS/USDT:USDT,binance,bybit,0.004093,0.004101,0.004097,0.195264827922854,0.001,0.001,0.001,0.001,2333769.631269,226750.1877,-0.0005
VELODROME/USDT:USDT,binance,bybit,0.05337,0.05327,0.05332,0.1875468867216858,0.001,0.001,0.001,0.001,3876567.13159,1521188.3447,-0.0012
TLM/USDT:USDT,binance,bybit,0.005971,0.005979,0.005974999999999999,0.1338912133891246,0.001,0.001,0.001,0.001,3455213.603845,372730.2184,-0.0066
BOME/USDT:USDT,binance,bybit,0.001557,0.001555,0.001556,0.12853470437018305,0.001,0.001,0.001,0.001,51255911.232655,8663300.4338,-0.0072
QTUM/USDT:USDT,binance,bybit,2.293,2.294,2.2935,0.043601482450398514,0.001,0.001,0.001,0.001,17949069.063,5445309.8803,-0.0156
NEO/USDT:USDT,binance,bybit,8.848,8.846,8.847000000000001,0.022606533288127815,0.001,0.001,0.001,0.001,19244001.051,2998087.2398,-0.0177
ARB/USDT,binance,bybit,0.3936,0.3932,0.39339999999999997,0.10167768174885905,0.001,0.001,0.001,0.001,31259264.03288,9932833.305417,-0.0098
ID/USDT,binance,bybit,0.2385,0.23792,0.23820999999999998,0.24348264136686,0.001,0.001,0.001,0.001,1760220.851,248144.9266468,0.0044
ETHFI/USDT:USDT,binance,bybit,0.8055,0.8054,0.80545,0.012415419951578495,0.001,0.001,0.001,0.001,55727613.70096,10553320.602,-0.0188
ENS/USDT:USDT,binance,bybit,20.202,20.205,20.2035,0.014848912317155747,0.001,0.001,0.001,0.001,36882577.279,16079334.0008,-0.0185
BAT/USDT:USDT,binance,bybit,0.1596,0.1594,0.15949999999999998,0.12539184952978416,0.001,0.001,0.001,0.001,9220152.1775,1145654.366,-0.0075
MTL/USDT:USDT,binance,bybit,0.7966,0.7961,0.79635,0.06278646323851886,0.001,0.001,0.001,0.001,3707752.0163,802908.0047,-0.0137
LUMIA/USDT:USDT,binance,bybit,0.437,0.4364,0.4367,0.13739409205403924,0.001,0.001,0.001,0.001,16676497.6668,4335013.4921,-0.0063
WIF/USDT,binance,bybit,0.533,0.532,0.5325,0.1877934272300471,0.001,0.001,0.001,0.001,84789066.24048,10173525.78358,-0.0012
MKR/USDT,binance,bybit,1297.0,1295.0,1296.0,0.15432098765432098,0.001,0.001,0.001,0.001,22217876.9134,5746009.85535,-0.0046
CELO/USDT:USDT,binance,bybit,0.375,0.3753,0.37515,0.07996801279488805,0.001,0.001,0.001,0.001,13079197.681,1680756.5158,-0.012
BSW/USDT:USDT,binance,bybit,0.03616,0.03619,0.036175,0.08293020041465722,0.001,0.001,0.001,0.001,4126937.1948,606163.5946,-0.0117
LINK/USDT,binance,bybit,15.9,15.9,15.9,0.0,0.001,0.001,0.001,0.001,171957033.5361,28124055.1583747,-0.02
IMX/USDT:USDT,binance,bybit,0.6001,0.5997,0.5999,0.06667777962993099,0.001,0.001,0.001,0.001,16159608.8793,3036888.0304,-0.0133
PEOPLE/USDT,binance,bybit,0.01754,0.01754,0.01754,0.0,0.001,0.001,0.001,0.001,5907794.455084,1001765.6403341,-0.02
NOT/USDT:USDT,binance,bybit,0.002354,0.002354,0.002354,0.0,0.001,0.001,0.001,0.001,72568356.0228482,31553766.4635,-0.02
SXP/USDT:USDT,binance,bybit,0.2041,0.204,0.20405,0.0490075961774157,0.001,0.001,0.001,0.001,8948101.9716,1175634.5569,-0.0151
ANIME/USDT,binance,bybit,0.01922,0.01917,0.019195,0.2604845011721877,0.001,0.001,0.001,0.001,7666677.52594,2666688.664776,0.0061
SOL/USDT,binance,bybit,138.17,138.2,138.185,0.021710026413866292,0.001,0.001,0.001,0.001,1035728838.08942,215657715.92551,-0.0178
FIL/USDT:USDT,binance,bybit,3.097,3.096,3.0965,0.03229452607782625,0.001,0.001,0.001,0.001,173702013.699,25885492.9842,-0.0168
SNX/USDT:USDT,binance,bybit,0.913,0.9138,0.9134,0.08758484782131727,0.001,0.001,0.001,0.001,21686602.11,3084625.4681,-0.0112
COMBO/USDT:USDT,binance,bybit,0.1844,0.1841,0.18425000000000002,0.16282225237448827,0.001,0.001,0.001,0.001,2810528.97443,258389.3199,-0.0037
DRIFT/USDT:USDT,binance,bybit,0.6634,0.6624,0.6629,0.15085231558304432,0.001,0.001,0.001,0.001,4868094.0321,3593969.4673,-0.0049
SHIB/USDT,binance,bybit,1.31e-05,1.31e-05,1.31e-05,0.0,0.001,0.001,0.001,0.001,42606537.05178408,1996604.8530358917,-0.02
STG/USDT,binance,bybit,0.2165,0.2164,0.21645,0.04620004620004111,0.001,0.001,0.001,0.001,2518776.26948,261448.990533,-0.0154
CAKE/USDT,binance,bybit,1.726,1.725,1.7255,0.05795421616921993,0.001,0.001,0.001,0.001,10553464.25776,1348377.355279,-0.0142
SPELL/USDT:USDT,binance,bybit,0.0006555,0.0006551,0.0006553,0.061040744697086785,0.001,0.001,0.001,0.001,11981857.127234,2209091.7628,-0.0139
ONDO/USDT:USDT,binance,bybit,0.9736,0.9727,0.97315,0.09248317320043281,0.001,0.001,0.001,0.001,424483136.334577,247672109.9001,-0.0108
TON/USDT:USDT,binance,bybit,2.9822,2.9812,2.9817,0.033537914612480596,0.001,0.001,0.001,0.001,61268776.8608526,32191482.6434,-0.0166
HIGH/USDT:USDT,binance,bybit,0.7298,0.7296,0.7297,0.027408524050976837,0.001,0.001,0.001,0.001,5531732.24584,1109820.8796,-0.0173
ALPACA/USDT:USDT,binance,bybit,0.07124,0.0713,0.07127,0.08418689490669916,0.001,0.001,0.001,0.001,8591084.5332,1822917.5273,-0.0116
COMP/USDT:USDT,binance,bybit,50.19,50.19,50.19,0.0,0.001,0.001,0.001,0.001,16084741.02,3490807.6091,-0.02
STX/USDT,binance,bybit,0.711,0.711,0.711,0.0,0.001,0.001,0.001,0.001,6636186.403,917583.93944,-0.02
RENDER/USDT,binance,bybit,3.579,3.576,3.5775,0.08385744234801155,0.001,0.001,0.001,0.001,21304153.52354,5961635.1552,-0.0116
UXLINK/USDT:USDT,binance,bybit,0.5112,0.5108,0.511,0.07827788649705596,0.001,0.001,0.001,0.001,21575618.8246,7944927.0642,-0.0122
LRC/USDT,binance,bybit,0.1108,0.111,0.1109,0.18034265103697542,0.001,0.001,0.001,0.001,2118608.539,92333.370101,-0.002
TRX/USDT:USDT,binance,bybit,0.24341,0.2433,0.243355,0.04520145466499517,0.001,0.001,0.001,0.001,143028622.08885,19655293.4374,-0.0155
LQTY/USDT:USDT,binance,bybit,0.768,0.7678,0.7679,0.026045057950251072,0.001,0.001,0.001,0.001,5176435.84259,1448520.0952,-0.0174
LUNC/USDT,binance,bybit,6.428e-05,6.431e-05,6.4295e-05,0.04665992689944478,0.001,0.001,0.001,0.001,4056279.73530096,190542.73491130746,-0.0153
CHR/USDT:USDT,binance,bybit,0.1088,0.1089,0.10885,0.09186954524575366,0.001,0.001,0.001,0.001,7443386.0728,919256.1784,-0.0108
AERO/USDT:USDT,binance,bybit,0.5814,0.5814,0.5814,0.0,0.001,0.001,0.001,0.001,9146972.50543,5800444.6815,-0.02
FET/USDT,binance,bybit,0.583,0.583,0.583,0.0,0.001,0.001,0.001,0.001,29458335.0202,1810464.739359,-0.02
PERP/USDT:USDT,binance,bybit,0.3966,0.3963,0.39644999999999997,0.07567158531971813,0.001,0.001,0.001,0.001,3503048.70672,706627.9053,-0.0124
CYBER/USDT,binance,bybit,1.339,1.3397,1.33935,0.05226415798707753,0.001,0.001,0.001,0.001,2567141.21581,320268.045654,-0.0148
SWELL/USDT:USDT,binance,bybit,0.01181,0.01181,0.01181,0.0,0.001,0.001,0.001,0.001,6848403.3825,2895480.9989,-0.02
MBOX/USDT,binance,bybit,0.0953,0.0954,0.09534999999999999,0.10487676979549332,0.001,0.001,0.001,0.001,1679153.25393,66533.573576,-0.0095
CITY/USDT,binance,bybit,1.123,1.1238,1.1234,0.0712123909560185,0.001,0.001,0.001,0.001,592646.05167,71000.165446,-0.0129
AAVE/USDT:USDT,binance,bybit,196.26,196.21,196.235,0.025479654495876344,0.001,0.001,0.001,0.001,338490218.39,128576614.2519,-0.0175
ATOM/USDT:USDT,binance,bybit,4.253,4.253,4.253,0.0,0.001,0.001,0.001,0.001,61209061.371,26204152.0632,-0.02
SOLV/USDT,binance,bybit,0.04238,0.04242,0.0424,0.09433962264150558,0.001,0.001,0.001,0.001,18140110.06822,23831359.309768,-0.0106
CTK/USDT:USDT,binance,bybit,1.0106,0.3893,0.69995,88.76348310593613,0.001,0.001,0.001,0.001,7884707.697,1748211.94,15.9235
BAL/USDT:USDT,binance,bybit,1.599,1.6,1.5995,0.06251953735543057,0.001,0.001,0.001,0.001,4158054.349,646804.5878,-0.0138
AIXBT/USDT:USDT,binance,bybit,0.13116,0.1312,0.13118000000000002,0.030492453117862663,0.001,0.001,0.001,0.001,70093655.00742,22065316.296,-0.017
MOCA/USDT:USDT,binance,bybit,0.1017,0.10155,0.101625,0.14760147601475757,0.001,0.001,0.001,0.001,14714003.632,9664799.8314,-0.0052
COW/USDT:USDT,binance,bybit,0.2846,0.2847,0.28465,0.03513086246266959,0.001,0.001,0.001,0.001,27712480.659,6842723.7414,-0.0165
LDO/USDT,binance,bybit,1.069,1.07,1.0695000000000001,0.09350163627864533,0.001,0.001,0.001,0.001,22772683.84682,6353382.468703,-0.0107
WBTC/USDT,binance,bybit,86384.29,86477.67,86430.98,0.10803996437389078,0.001,0.001,0.001,0.001,26645421.7352072,538684.68129747,-0.0092
IOST/USDT:USDT,binance,bybit,0.004361,0.00436,0.0043605,0.022933149868137433,0.001,0.001,0.001,0.001,4780461.597902,1037580.4654,-0.0177
SFP/USDT:USDT,binance,bybit,0.5791,0.5795,0.5792999999999999,0.06904885206284603,0.001,0.001,0.001,0.001,3335139.7552,385479.1878,-0.0131
SOLV/USDT:USDT,binance,bybit,0.0422,0.04229,0.042245000000000005,0.21304296366433847,0.001,0.001,0.001,0.001,106110139.144,21604089.244,0.0013
ALGO/USDT:USDT,binance,bybit,0.2328,0.2324,0.2326,0.171969045571802,0.001,0.001,0.001,0.001,86602855.5958,24325150.5133,-0.0028
YFI/USDT,binance,bybit,5343.0,5345.0,5344.0,0.037425149700598806,0.001,0.001,0.001,0.001,3058370.88061,1453142.75993,-0.0163
SAND/USDT:USDT,binance,bybit,0.30486,0.3048,0.30483000000000005,0.019683102056885636,0.001,0.001,0.001,0.001,59842908.15297,15911966.389,-0.018
GLM/USDT:USDT,binance,bybit,0.3052,0.30514,0.30517000000000005,0.019661172461252575,0.001,0.001,0.001,0.001,21057199.31545,4255110.3612,-0.018
POPCAT/USDT:USDT,binance,bybit,0.2102,0.2104,0.2103,0.09510223490252294,0.001,0.001,0.001,0.001,75678664.4514,75006984.0686,-0.0105
BIGTIME/USDT:USDT,binance,bybit,0.05348,0.05346,0.053470000000000004,0.03740415186085503,0.001,0.001,0.001,0.001,22496263.14233,7409218.4891,-0.0163
FXS/USDT,binance,bybit,1.538,1.539,1.5385,0.06499837504061683,0.001,0.001,0.001,0.001,1558912.6346,64765.09692,-0.0135
PIPPIN/USDT:USDT,binance,bybit,0.02131,0.02131,0.02131,0.0,0.001,0.001,0.001,0.001,20961658.42122,5940185.0212,-0.02
BCH/USDT:USDT,binance,bybit,390.1,389.8,389.95000000000005,0.07693294012053119,0.001,0.001,0.001,0.001,462442639.49,144930570.018,-0.0123
OGN/USDT:USDT,binance,bybit,0.0657,0.06563,0.065665,0.1066016903982344,0.001,0.001,0.001,0.001,5562390.0801,719390.2995,-0.0093
SNT/USDT:USDT,binance,bybit,0.03666,0.02644,0.03155,32.393026941362905,0.001,0.001,0.001,0.001,34068511.74593,1144675.487,3.8415
CELO/USDT,binance,bybit,0.3761,0.376,0.37605,0.026592208482911578,0.001,0.001,0.001,0.001,2363806.23578,2367882.285533,-0.0173
OXT/USDT:USDT,binance,bybit,0.08086,0.08092,0.08089,0.07417480529114166,0.001,0.001,0.001,0.001,3056133.82333,529392.0309,-0.0126
SUI/USDT:USDT,binance,bybit,2.5843,2.5828,2.58355,0.05805964661026932,0.001,0.001,0.001,0.001,1280159926.81247,664776767.117,-0.0142
SCRT/USDT,binance,bybit,0.2008,0.2012,0.201,0.19900497512437,0.001,0.001,0.001,0.001,708580.30765,58233.114672,-0.0001
ALCH/USDT:USDT,binance,bybit,0.06164,0.06154,0.06159,0.16236402013314316,0.001,0.001,0.001,0.001,268355415.74984,122485251.2662,-0.0038
KAVA/USDT,binance,bybit,0.4225,0.4224,0.42245,0.02367144040714617,0.001,0.001,0.001,0.001,2177998.71174,542807.32242,-0.0176
BAT/USDT,binance,bybit,0.1598,0.1596,0.1597,0.12523481527865105,0.001,0.001,0.001,0.001,1199658.3998,88534.813894,-0.0075
QNT/USDT:USDT,binance,bybit,78.4,78.38,78.39,0.0255134583492923,0.001,0.001,0.001,0.001,14730471.945,3307259.6163,-0.0175
TWT/USDT:USDT,binance,bybit,0.9911,0.991,0.99105,0.010090308258916198,0.001,0.001,0.001,0.001,5433319.7907,1914693.0891,-0.019
MINA/USDT,binance,bybit,0.2886,0.2885,0.28855,0.0346560388147789,0.001,0.001,0.001,0.001,3621882.50216,841502.0821,-0.0165
C98/USDT,binance,bybit,0.0728,0.0728,0.0728,0.0,0.001,0.001,0.001,0.001,11354801.43205,1290234.671955,-0.02
COOKIE/USDT:USDT,binance,bybit,0.1779,0.1777,0.1778,0.11248593925759602,0.001,0.001,0.001,0.001,42478566.5552,13210485.1143,-0.0088
RDNT/USDT,binance,bybit,0.02745,0.02741,0.02743,0.1458257382427939,0.001,0.001,0.001,0.001,2051901.50131,269011.8279174,-0.0054
SPELL/USDT,binance,bybit,0.0006558,0.0006553,0.00065555,0.07627183281213606,0.001,0.001,0.001,0.001,2272963.3530998,62202.50040428,-0.0124
PAXG/USDT,binance,bybit,2927.0,2921.0,2924.0,0.2051983584131327,0.001,0.001,0.001,0.001,5174583.8973,59548.473,0.0005
WOO/USDT,binance,bybit,0.0979,0.09791,0.09790499999999999,0.010213982942644527,0.001,0.001,0.001,0.001,1622984.28919,328905.113395,-0.019
AI16Z/USDT:USDT,binance,bybit,0.2292,0.229,0.2291,0.08729812309034395,0.001,0.001,0.001,0.001,125250571.48719,67723119.4226,-0.0113
